strategy,year,dimension,regime,horizon,evaluated_count,date_weighted_basket_difference_pct
A,ALL,direction,BEAR,5,941,0.043777958022937796
A,ALL,direction,BEAR,10,933,-0.35796451275705765
A,ALL,direction,BEAR,20,902,0.390251344999621
A,ALL,direction,BULL,5,2379,0.53001893827387492
A,ALL,direction,BULL,10,2319,1.0050227073303926
A,ALL,direction,BULL,20,2291,1.5484230187766372
A,ALL,direction,NEUTRAL,5,1864,0.19080742920759394
A,ALL,direction,NEUTRAL,10,1806,0.089487039660587422
A,ALL,direction,NEUTRAL,20,1569,1.0594015660371572
A,ALL,direction,UNKNOWN,5,0,
A,ALL,direction,UNKNOWN,10,0,
A,ALL,direction,UNKNOWN,20,0,
A,ALL,volatility_regime,HIGH,5,3627,0.52357434848567186
A,ALL,volatility_regime,HIGH,10,3532,0.43884170204135381
A,ALL,volatility_regime,HIGH,20,3269,1.3385772067078323
A,ALL,volatility_regime,LOW,5,1545,-0.25386362069557883
A,ALL,volatility_regime,LOW,10,1514,-0.17108665415645391
A,ALL,volatility_regime,LOW,20,1481,0.40531565081571291
A,ALL,volatility_regime,UNKNOWN,5,12,2.7362775758589177
A,ALL,volatility_regime,UNKNOWN,10,12,2.3736994674127456
A,ALL,volatility_regime,UNKNOWN,20,12,-2.1328536748524218
A,2024,direction,BEAR,5,616,0.060312923005283937
A,2024,direction,BEAR,10,608,0.12159540709163605
A,2024,direction,BEAR,20,577,0.99030394214124406
A,2024,direction,BULL,5,204,1.1288529295924294
A,2024,direction,BULL,10,204,1.7239344363608065
A,2024,direction,BULL,20,203,2.0451358740957812
A,2024,direction,NEUTRAL,5,403,-0.25163910356470298
A,2024,direction,NEUTRAL,10,384,0.15179044525069246
A,2024,direction,NEUTRAL,20,372,1.5387143915731665
A,2024,direction,UNKNOWN,5,0,
A,2024,direction,UNKNOWN,10,0,
A,2024,direction,UNKNOWN,20,0,
A,2024,volatility_regime,HIGH,5,527,0.91526442530754926
A,2024,volatility_regime,HIGH,10,522,0.8197532808563458
A,2024,volatility_regime,HIGH,20,485,1.848733896293991
A,2024,volatility_regime,LOW,5,684,-0.59289297142918862
A,2024,volatility_regime,LOW,10,662,-0.14350528019824352
A,2024,volatility_regime,LOW,20,655,0.90304398359888804
A,2024,volatility_regime,UNKNOWN,5,12,2.7362775758589177
A,2024,volatility_regime,UNKNOWN,10,12,2.3736994674127456
A,2024,volatility_regime,UNKNOWN,20,12,-2.1328536748524218
A,2025,direction,BEAR,5,159,-1.1856270541188565
A,2025,direction,BEAR,10,159,-2.4385067050100604
A,2025,direction,BEAR,20,159,-3.0161809039611835
A,2025,direction,BULL,5,1368,0.23146401834105879
A,2025,direction,BULL,10,1315,0.097480220016790631
A,2025,direction,BULL,20,1300,0.73515339494520426
A,2025,direction,NEUTRAL,5,974,-0.068269059048585282
A,2025,direction,NEUTRAL,10,967,0.11905723754745758
A,2025,direction,NEUTRAL,20,845,0.12272361712573701
A,2025,direction,UNKNOWN,5,0,
A,2025,direction,UNKNOWN,10,0,
A,2025,direction,UNKNOWN,20,0,
A,2025,volatility_regime,HIGH,5,1649,-0.30960021135463156
A,2025,volatility_regime,HIGH,10,1589,-0.41194074928054081
A,2025,volatility_regime,HIGH,20,1478,-0.22939384335030918
A,2025,volatility_regime,LOW,5,852,0.11328649499437107
A,2025,volatility_regime,LOW,10,852,-0.19658641498574278
A,2025,volatility_regime,LOW,20,826,-0.058586484593848395
A,2025,volatility_regime,UNKNOWN,5,0,
A,2025,volatility_regime,UNKNOWN,10,0,
A,2025,volatility_regime,UNKNOWN,20,0,
A,2026,direction,BEAR,5,166,0.89279218638565772
A,2026,direction,BEAR,10,166,0.20177004500140749
A,2026,direction,BEAR,20,166,1.745711272073484
A,2026,direction,BULL,5,807,0.85613234408716188
A,2026,direction,BULL,10,800,2.2341747087946202
A,2026,direction,BULL,20,788,2.6926124998499068
A,2026,direction,NEUTRAL,5,487,1.1491097129067853
A,2026,direction,NEUTRAL,10,455,-0.037214608206940746
A,2026,direction,NEUTRAL,20,352,2.4863755245158821
A,2026,direction,UNKNOWN,5,0,
A,2026,direction,UNKNOWN,10,0,
A,2026,direction,UNKNOWN,20,0,
A,2026,volatility_regime,HIGH,5,1451,0.99080323262007808
A,2026,volatility_regime,HIGH,10,1421,0.91256413320245444
A,2026,volatility_regime,HIGH,20,1306,2.3145020640695346
A,2026,volatility_regime,LOW,5,9,-4.5907821090020775
A,2026,volatility_regime,LOW,10,0,
A,2026,volatility_regime,LOW,20,0,
A,2026,volatility_regime,UNKNOWN,5,0,
A,2026,volatility_regime,UNKNOWN,10,0,
A,2026,volatility_regime,UNKNOWN,20,0,
B,ALL,direction,BEAR,5,2504,-0.61338640330342253
B,ALL,direction,BEAR,10,2498,-1.028950937748268
B,ALL,direction,BEAR,20,2466,-1.4479187768777608
B,ALL,direction,BULL,5,2012,0.38566013926887655
B,ALL,direction,BULL,10,1953,-0.41110944849407433
B,ALL,direction,BULL,20,1916,-0.50457751968938114
B,ALL,direction,NEUTRAL,5,3217,0.25256928905144371
B,ALL,direction,NEUTRAL,10,3108,0.72441071848685368
B,ALL,direction,NEUTRAL,20,2705,0.58063533563452885
B,ALL,direction,UNKNOWN,5,0,
B,ALL,direction,UNKNOWN,10,0,
B,ALL,direction,UNKNOWN,20,0,
B,ALL,volatility_regime,HIGH,5,5056,-0.10852902909979456
B,ALL,volatility_regime,HIGH,10,4932,-0.57009437228553794
B,ALL,volatility_regime,HIGH,20,4561,-0.72981508667638373
B,ALL,volatility_regime,LOW,5,2665,0.18481505810213605
B,ALL,volatility_regime,LOW,10,2615,0.36521043843759127
B,ALL,volatility_regime,LOW,20,2514,-0.070847366098296907
B,ALL,volatility_regime,UNKNOWN,5,12,0.61503220742164788
B,ALL,volatility_regime,UNKNOWN,10,12,0.21305158561324067
B,ALL,volatility_regime,UNKNOWN,20,12,-2.3812332455620013
B,2024,direction,BEAR,5,1308,-0.19064217598323741
B,2024,direction,BEAR,10,1302,-0.44466176430250554
B,2024,direction,BEAR,20,1274,-0.32113404970257847
B,2024,direction,BULL,5,134,1.8295819788547312
B,2024,direction,BULL,10,134,1.3256162723193023
B,2024,direction,BULL,20,134,2.0052680640325096
B,2024,direction,NEUTRAL,5,719,0.31771848575757
B,2024,direction,NEUTRAL,10,668,0.91038777606192145
B,2024,direction,NEUTRAL,20,568,0.94473899725710608
B,2024,direction,UNKNOWN,5,0,
B,2024,direction,UNKNOWN,10,0,
B,2024,direction,UNKNOWN,20,0,
B,2024,volatility_regime,HIGH,5,891,-0.12892832503837307
B,2024,volatility_regime,HIGH,10,870,-0.21589104991738525
B,2024,volatility_regime,HIGH,20,785,0.48382182914698374
B,2024,volatility_regime,LOW,5,1258,0.36309688187130396
B,2024,volatility_regime,LOW,10,1222,0.40878255245248418
B,2024,volatility_regime,LOW,20,1179,0.20234567153058336
B,2024,volatility_regime,UNKNOWN,5,12,0.61503220742164788
B,2024,volatility_regime,UNKNOWN,10,12,0.21305158561324067
B,2024,volatility_regime,UNKNOWN,20,12,-2.3812332455620013
B,2025,direction,BEAR,5,608,-0.90970887569099312
B,2025,direction,BEAR,10,608,-0.32301131714218961
B,2025,direction,BEAR,20,606,-1.8006083944538369
B,2025,direction,BULL,5,1177,-0.01021438657547534
B,2025,direction,BULL,10,1134,-0.51129661210417288
B,2025,direction,BULL,20,1114,-0.48163857731451287
B,2025,direction,NEUTRAL,5,1548,0.045975275136388633
B,2025,direction,NEUTRAL,10,1543,0.68718203258974198
B,2025,direction,NEUTRAL,20,1371,0.66107132062433493
B,2025,direction,UNKNOWN,5,0,
B,2025,direction,UNKNOWN,10,0,
B,2025,direction,UNKNOWN,20,0,
B,2025,volatility_regime,HIGH,5,1940,-0.22452883069131438
B,2025,volatility_regime,HIGH,10,1892,-0.25426917449810349
B,2025,volatility_regime,HIGH,20,1756,-0.23134432228917717
B,2025,volatility_regime,LOW,5,1393,-0.030905671033617094
B,2025,volatility_regime,LOW,10,1393,0.3245710628660084
B,2025,volatility_regime,LOW,20,1335,-0.33051599592376724
B,2025,volatility_regime,UNKNOWN,5,0,
B,2025,volatility_regime,UNKNOWN,10,0,
B,2025,volatility_regime,UNKNOWN,20,0,
B,2026,direction,BEAR,5,588,-1.1648705238355574
B,2026,direction,BEAR,10,588,-2.5311775049052474
B,2026,direction,BEAR,20,586,-3.0757884100389772
B,2026,direction,BULL,5,701,0.64732209404763064
B,2026,direction,BULL,10,685,-0.70416821988834133
B,2026,direction,BULL,20,668,-1.198622255183853
B,2026,direction,NEUTRAL,5,950,0.54891519651872611
B,2026,direction,NEUTRAL,10,897,0.59391038658793116
B,2026,direction,NEUTRAL,20,766,-0.043409809872284912
B,2026,direction,UNKNOWN,5,0,
B,2026,direction,UNKNOWN,10,0,
B,2026,direction,UNKNOWN,20,0,
B,2026,volatility_regime,HIGH,5,2225,-0.013306356817939839
B,2026,volatility_regime,HIGH,10,2170,-0.95482317144836026
B,2026,volatility_regime,HIGH,20,2020,-1.592755205933126
B,2026,volatility_regime,LOW,5,14,4.6133066875344877
B,2026,volatility_regime,LOW,10,0,
B,2026,volatility_regime,LOW,20,0,
B,2026,volatility_regime,UNKNOWN,5,0,
B,2026,volatility_regime,UNKNOWN,10,0,
B,2026,volatility_regime,UNKNOWN,20,0,
C,ALL,direction,BEAR,5,1464,-0.16578429937977265
C,ALL,direction,BEAR,10,1459,-0.60720671097975176
C,ALL,direction,BEAR,20,1412,-0.19689706505986376
C,ALL,direction,BULL,5,2521,0.39713369807836746
C,ALL,direction,BULL,10,2451,0.7778875338106549
C,ALL,direction,BULL,20,2414,1.1788671925347844
C,ALL,direction,NEUTRAL,5,2522,0.41187755507452822
C,ALL,direction,NEUTRAL,10,2440,0.97538264998021929
C,ALL,direction,NEUTRAL,20,2120,0.51042694496514707
C,ALL,direction,UNKNOWN,5,0,
C,ALL,direction,UNKNOWN,10,0,
C,ALL,direction,UNKNOWN,20,0,
C,ALL,volatility_regime,HIGH,5,4511,0.23453513523830277
C,ALL,volatility_regime,HIGH,10,4401,0.3680810504754527
C,ALL,volatility_regime,HIGH,20,4056,0.43650150665241833
C,ALL,volatility_regime,LOW,5,1987,0.14957283457982218
C,ALL,volatility_regime,LOW,10,1940,0.3191157887218059
C,ALL,volatility_regime,LOW,20,1881,0.54522825425092658
C,ALL,volatility_regime,UNKNOWN,5,9,1.2042644058412031
C,ALL,volatility_regime,UNKNOWN,10,9,0.82422646591157245
C,ALL,volatility_regime,UNKNOWN,20,9,-4.6520679262772218
C,2024,direction,BEAR,5,895,-0.22099272515120383
C,2024,direction,BEAR,10,890,-0.17512711118862126
C,2024,direction,BEAR,20,845,-0.13246341141917187
C,2024,direction,BULL,5,206,1.1443402768784012
C,2024,direction,BULL,10,206,1.6390378922016731
C,2024,direction,BULL,20,205,3.0213641143373722
C,2024,direction,NEUTRAL,5,602,-0.65082743420851241
C,2024,direction,NEUTRAL,10,567,-0.34032941245520582
C,2024,direction,NEUTRAL,20,516,0.047250994081679515
C,2024,direction,UNKNOWN,5,0,
C,2024,direction,UNKNOWN,10,0,
C,2024,direction,UNKNOWN,20,0,
C,2024,volatility_regime,HIGH,5,735,-0.10794546513604827
C,2024,volatility_regime,HIGH,10,728,0.52967666729660889
C,2024,volatility_regime,HIGH,20,652,0.63142360119272045
C,2024,volatility_regime,LOW,5,959,-0.34073017656762766
C,2024,volatility_regime,LOW,10,926,-0.49304940958176308
C,2024,volatility_regime,LOW,20,905,0.015102664686315808
C,2024,volatility_regime,UNKNOWN,5,9,1.2042644058412031
C,2024,volatility_regime,UNKNOWN,10,9,0.82422646591157245
C,2024,volatility_regime,UNKNOWN,20,9,-4.6520679262772218
C,2025,direction,BEAR,5,242,-0.49698228635268588
C,2025,direction,BEAR,10,242,-1.0827541048105225
C,2025,direction,BEAR,20,241,-0.4686048093100359
C,2025,direction,BULL,5,1401,0.24174752098277696
C,2025,direction,BULL,10,1342,0.58051351303480558
C,2025,direction,BULL,20,1324,0.94601780692016735
C,2025,direction,NEUTRAL,5,1261,0.56368394257181875
C,2025,direction,NEUTRAL,10,1256,0.66853135598994473
C,2025,direction,NEUTRAL,20,1098,-0.019514042261627562
C,2025,direction,UNKNOWN,5,0,
C,2025,direction,UNKNOWN,10,0,
C,2025,direction,UNKNOWN,20,0,
C,2025,volatility_regime,HIGH,5,1890,-0.048855656877224138
C,2025,volatility_regime,HIGH,10,1826,-0.30156691886854314
C,2025,volatility_regime,HIGH,20,1687,-0.30539942066174836
C,2025,volatility_regime,LOW,5,1014,0.6091000784094468
C,2025,volatility_regime,LOW,10,1014,1.0776474361940069
C,2025,volatility_regime,LOW,20,976,1.0444727415108026
C,2025,volatility_regime,UNKNOWN,5,0,
C,2025,volatility_regime,UNKNOWN,10,0,
C,2025,volatility_regime,UNKNOWN,20,0,
C,2026,direction,BEAR,5,327,0.13038074462296462
C,2026,direction,BEAR,10,327,-1.0192360827112819
C,2026,direction,BEAR,20,326,-0.12790440438352146
C,2026,direction,BULL,5,914,0.45797877312445634
C,2026,direction,BULL,10,903,0.86620893542616206
C,2026,direction,BULL,20,885,1.0676807353698876
C,2026,direction,NEUTRAL,5,659,1.3023464774666051
C,2026,direction,NEUTRAL,10,617,3.0226724343588249
C,2026,direction,NEUTRAL,20,506,2.2456536237144413
C,2026,direction,UNKNOWN,5,0,
C,2026,direction,UNKNOWN,10,0,
C,2026,direction,UNKNOWN,20,0,
C,2026,volatility_regime,HIGH,5,1886,0.58036938248678926
C,2026,volatility_regime,HIGH,10,1847,0.7784342906336843
C,2026,volatility_regime,HIGH,20,1717,0.88852877708313693
C,2026,volatility_regime,LOW,5,14,1.9408951368269527
C,2026,volatility_regime,LOW,10,0,
C,2026,volatility_regime,LOW,20,0,
C,2026,volatility_regime,UNKNOWN,5,0,
C,2026,volatility_regime,UNKNOWN,10,0,
C,2026,volatility_regime,UNKNOWN,20,0,
