trading_date,split,direction,volatility_regime,basket_return_5d,basket_count_5d,basket_return_10d,basket_count_10d,basket_return_20d,basket_count_20d
2024-01-02,2024,UNKNOWN,UNKNOWN,,0,,0,,0
2024-01-03,2024,UNKNOWN,UNKNOWN,,0,,0,,0
2024-01-04,2024,UNKNOWN,UNKNOWN,,0,,0,,0
2024-01-05,2024,UNKNOWN,UNKNOWN,,0,,0,,0
2024-01-08,2024,UNKNOWN,UNKNOWN,,0,,0,,0
2024-01-09,2024,UNKNOWN,UNKNOWN,,0,,0,,0
2024-01-10,2024,UNKNOWN,UNKNOWN,,0,,0,,0
2024-01-11,2024,UNKNOWN,UNKNOWN,,0,,0,,0
2024-01-12,2024,UNKNOWN,UNKNOWN,,0,,0,,0
2024-01-15,2024,UNKNOWN,UNKNOWN,,0,,0,,0
2024-01-16,2024,UNKNOWN,UNKNOWN,,0,,0,,0
2024-01-17,2024,UNKNOWN,UNKNOWN,,0,,0,,0
2024-01-18,2024,UNKNOWN,UNKNOWN,,0,,0,,0
2024-01-19,2024,UNKNOWN,UNKNOWN,,0,,0,,0
2024-01-22,2024,UNKNOWN,UNKNOWN,,0,,0,,0
2024-01-23,2024,UNKNOWN,UNKNOWN,,0,,0,,0
2024-01-24,2024,UNKNOWN,UNKNOWN,,0,,0,,0
2024-01-25,2024,UNKNOWN,UNKNOWN,,0,,0,,0
2024-01-26,2024,UNKNOWN,UNKNOWN,,0,,0,,0
2024-01-29,2024,UNKNOWN,UNKNOWN,,0,,0,,0
2024-01-30,2024,BEAR,UNKNOWN,,0,,0,,0
2024-01-31,2024,BEAR,UNKNOWN,,0,,0,,0
2024-02-01,2024,BEAR,UNKNOWN,,0,,0,,0
2024-02-02,2024,NEUTRAL,UNKNOWN,,0,,0,,0
2024-02-05,2024,NEUTRAL,UNKNOWN,,0,,0,,0
2024-02-06,2024,BEAR,UNKNOWN,,0,,0,,0
2024-02-07,2024,BEAR,UNKNOWN,,0,,0,,0
2024-02-08,2024,BEAR,UNKNOWN,,0,,0,,0
2024-02-13,2024,NEUTRAL,UNKNOWN,,0,,0,,0
2024-02-14,2024,NEUTRAL,UNKNOWN,,0,,0,,0
2024-02-15,2024,NEUTRAL,UNKNOWN,,0,,0,,0
2024-02-16,2024,BULL,UNKNOWN,,0,,0,,0
2024-02-19,2024,BULL,UNKNOWN,,0,,0,,0
2024-02-20,2024,BULL,UNKNOWN,,0,,0,,0
2024-02-21,2024,NEUTRAL,UNKNOWN,,0,,0,,0
2024-02-22,2024,NEUTRAL,UNKNOWN,,0,,0,,0
2024-02-23,2024,NEUTRAL,UNKNOWN,,0,,0,,0
2024-02-26,2024,NEUTRAL,UNKNOWN,,0,,0,,0
2024-02-27,2024,NEUTRAL,UNKNOWN,,0,,0,,0
2024-02-28,2024,NEUTRAL,UNKNOWN,,0,,0,,0
2024-02-29,2024,NEUTRAL,UNKNOWN,,0,,0,,0
2024-03-04,2024,BULL,UNKNOWN,,0,,0,,0
2024-03-05,2024,NEUTRAL,UNKNOWN,,0,,0,,0
2024-03-06,2024,NEUTRAL,UNKNOWN,,0,,0,,0
2024-03-07,2024,NEUTRAL,UNKNOWN,,0,,0,,0
2024-03-08,2024,NEUTRAL,UNKNOWN,,0,,0,,0
2024-03-11,2024,NEUTRAL,UNKNOWN,,0,,0,,0
2024-03-12,2024,NEUTRAL,UNKNOWN,,0,,0,,0
2024-03-13,2024,NEUTRAL,UNKNOWN,,0,,0,,0
2024-03-14,2024,NEUTRAL,UNKNOWN,,0,,0,,0
2024-03-15,2024,NEUTRAL,UNKNOWN,,0,,0,,0
2024-03-18,2024,NEUTRAL,UNKNOWN,,0,,0,,0
2024-03-19,2024,NEUTRAL,UNKNOWN,,0,,0,,0
2024-03-20,2024,NEUTRAL,UNKNOWN,,0,,0,,0
2024-03-21,2024,NEUTRAL,UNKNOWN,,0,,0,,0
2024-03-22,2024,NEUTRAL,UNKNOWN,,0,,0,,0
2024-03-25,2024,NEUTRAL,UNKNOWN,,0,,0,,0
2024-03-26,2024,NEUTRAL,UNKNOWN,,0,,0,,0
2024-03-27,2024,NEUTRAL,UNKNOWN,,0,,0,,0
2024-03-28,2024,NEUTRAL,UNKNOWN,-0.11068754678543186,520,-2.1102333848876014,519,-0.85898692801571264,518
2024-03-29,2024,NEUTRAL,UNKNOWN,-0.57103087696905874,520,-2.2475465049534424,519,1.2099539068054579,518
2024-04-01,2024,NEUTRAL,HIGH,-2.9696166160483481,521,-5.86676216613386,520,-0.028019804284734228,519
2024-04-02,2024,NEUTRAL,HIGH,-1.9438035651181662,520,-4.5124425589071162,520,1.1440166317430027,519
2024-04-03,2024,NEUTRAL,LOW,-1.3091780720126898,520,-1.2133594524337714,520,2.1860557576754056,519
2024-04-04,2024,NEUTRAL,HIGH,-2.1264094582884856,520,-3.7055498723338394,520,2.8767593016119286,519
2024-04-05,2024,NEUTRAL,LOW,-1.8386307183454962,520,-2.3542625228784004,520,4.0716091297192811,519
2024-04-08,2024,NEUTRAL,HIGH,-3.0736687359790502,520,-1.0101370546461517,519,4.4167047813044213,517
2024-04-09,2024,BEAR,LOW,-2.6862842293265738,520,0.76722403736240874,519,4.6500876921295529,517
2024-04-11,2024,BEAR,LOW,0.053365787911179956,520,0.26574097369706201,519,5.0100315217077593,517
2024-04-12,2024,BEAR,HIGH,-1.6445885547844545,520,1.2557862424763591,519,5.5591056018530622,517
2024-04-15,2024,BEAR,HIGH,-0.42643223113010797,520,3.6389645697227122,519,7.2221702082909331,517
2024-04-16,2024,BEAR,LOW,2.1887836318805727,519,6.2993642966783501,519,8.6156043009903076,517
2024-04-17,2024,BEAR,LOW,3.6095335272149489,519,6.0045243224229381,519,8.5714163121805509,517
2024-04-18,2024,BEAR,LOW,0.23937315753182042,519,3.5127375313336908,519,5.7486420340513105,517
2024-04-19,2024,BEAR,LOW,2.9362041334220819,519,6.8980550084017631,519,7.491796606596389,517
2024-04-22,2024,BEAR,HIGH,4.1122225864224484,519,6.6585873905069439,519,6.7714506643095316,517
2024-04-23,2024,BEAR,LOW,4.0238152141074695,519,5.4381947092068019,517,6.0034480901140714,517
2024-04-24,2024,BEAR,LOW,2.2822236683892543,520,3.7757549420114991,518,5.1050865253384545,518
2024-04-25,2024,BEAR,LOW,3.2647899684756254,520,4.7067619140391326,518,6.3242975854420065,518
2024-04-26,2024,BEAR,HIGH,3.8141940683358713,520,4.1985656291301705,518,3.9302282192292757,518
2024-04-29,2024,NEUTRAL,LOW,2.3515133424004619,520,3.3633932622482781,518,1.1328422309428998,517
2024-04-30,2024,BEAR,LOW,1.3838325250987162,518,2.11180675755157,518,1.8178858640111371,517
2024-05-02,2024,BEAR,LOW,1.6156315378458601,519,2.5372176917118225,519,3.1827499616310106,518
2024-05-03,2024,NEUTRAL,LOW,1.5923263885364127,519,2.388704287876771,519,2.1411795221481111,518
2024-05-07,2024,NEUTRAL,HIGH,0.78934121676213276,519,0.83637718823424179,519,0.76706273750044773,518
2024-05-08,2024,NEUTRAL,LOW,1.5110831073170956,519,0.58351086866076807,519,1.1740327360095111,518
2024-05-09,2024,NEUTRAL,LOW,0.77056252222953681,519,0.35503404249423881,519,2.0765398367293439,518
2024-05-10,2024,BULL,HIGH,0.85958668419446405,519,1.071207549883459,519,1.8014081937002651,518
2024-05-13,2024,BULL,HIGH,0.77495121734741124,519,1.3431676250407956,519,2.6453784722341491,518
2024-05-14,2024,BULL,LOW,-0.03369686960496529,520,-0.52522144653735836,520,2.0151471290699092,519
2024-05-16,2024,BULL,HIGH,-1.0285307229854492,520,-2.3351224460557112,519,0.14726222709267472,519
2024-05-17,2024,BULL,HIGH,-0.523504004833791,520,-0.45582539678497824,519,1.0203893360399197,519
2024-05-20,2024,BULL,HIGH,0.17391101095137207,520,0.43020257918901966,519,1.2360777121944524,519
2024-05-21,2024,BULL,LOW,0.58491470648661958,520,-0.33677060246290702,519,1.786541977041656,519
2024-05-22,2024,BULL,HIGH,-0.49786550466965607,520,-0.085759040441052564,519,1.9579795124837036,519
2024-05-23,2024,BULL,LOW,-1.3454712939035138,519,0.56001216171111301,519,1.3632064219150828,519
2024-05-24,2024,NEUTRAL,LOW,0.070544740729241676,519,1.7494922718587094,519,0.78988256766719223,519
2024-05-27,2024,NEUTRAL,LOW,0.30984605740888116,520,0.81887978527412109,520,0.095698403912679059,520
2024-05-28,2024,NEUTRAL,LOW,-0.78255196392238047,521,1.2520123506741463,521,0.19628864205330554,521
2024-05-29,2024,NEUTRAL,LOW,0.51012319143488816,521,2.5342524861468307,521,0.70976323832859767,520
2024-05-30,2024,BEAR,LOW,1.9431677283325068,521,2.4505581643724814,521,2.0770537481255524,520
2024-05-31,2024,NEUTRAL,LOW,1.6244416388388632,521,1.423356674244336,521,1.4358905221435472,520
2024-06-03,2024,NEUTRAL,HIGH,0.46157248681961893,521,0.56696232675743052,521,-1.3885315463135124,520
2024-06-04,2024,NEUTRAL,HIGH,2.0173724671092144,522,1.8918597462740188,522,-0.93246585617188316,521
2024-06-05,2024,BEAR,HIGH,1.9422539415697735,522,1.7751512037720614,522,-0.47829885430251273,521
2024-06-07,2024,BEAR,HIGH,0.53711564144033808,522,0.61720468097940795,522,-1.2625227289889744,521
2024-06-10,2024,NEUTRAL,HIGH,-0.20419791666577264,522,-1.0808085164815515,522,-0.65889737245526214,521
2024-06-11,2024,NEUTRAL,HIGH,0.1787586305832547,522,-0.78774968070329943,522,0.081370514231193125,521
2024-06-12,2024,NEUTRAL,LOW,-0.14273134971090357,522,-1.0889696688058774,522,-0.49069650642936008,521
2024-06-13,2024,NEUTRAL,LOW,-0.094671656048948921,523,-1.7679598681365458,522,-0.55353712089238527,522
2024-06-14,2024,BEAR,LOW,0.079652625052461845,523,-0.39502468109570188,522,-0.11162058289097962,522
2024-06-17,2024,BEAR,LOW,-0.91462024311498658,523,0.017990588406730731,522,0.58361856959387826,522
2024-06-18,2024,BEAR,HIGH,-0.95950288007885154,523,-1.8256779845698152,522,-0.25990015631981739,522
2024-06-19,2024,BEAR,HIGH,-0.99806768703612214,524,-2.6457016154282469,523,-1.4838340253587174,523
2024-06-20,2024,NEUTRAL,LOW,-1.7011084069355513,523,-2.1524297941279613,523,-2.4062724803503608,523
2024-06-21,2024,NEUTRAL,LOW,-0.48989919841761886,523,-1.7167491824366303,523,-2.1869994911830637,523
2024-06-24,2024,NEUTRAL,HIGH,0.97695842891014639,523,0.56705478254407515,523,-2.2816396277827744,523
2024-06-25,2024,BEAR,LOW,-0.83808114392955024,523,0.89655839240343471,523,-2.5001744767910696,523
2024-06-26,2024,BEAR,LOW,-1.62378000960123,523,0.65357611025204465,523,-2.6711684836049647,523
2024-06-27,2024,NEUTRAL,LOW,-0.42195830920217087,524,1.2901565131529646,524,-4.1672398415106544,524
2024-06-28,2024,NEUTRAL,HIGH,-1.2090716448856316,524,0.36114584427409668,524,-4.0969607589267891,524
2024-07-01,2024,NEUTRAL,HIGH,-0.43368863507372768,525,0.55752769067517316,525,-3.3140222638585608,525
2024-07-02,2024,BEAR,LOW,1.8147269049109007,525,1.5570878469937786,525,-3.0074822848248126,525
2024-07-03,2024,BEAR,HIGH,2.3387390911286143,525,1.1687716669242751,525,-1.810363481349974,525
2024-07-04,2024,BEAR,LOW,1.8018867597345989,525,-0.15440335627229868,525,-1.2873792175949645,525
2024-07-05,2024,BEAR,LOW,1.6443507076810229,525,-0.37968919928814931,525,-5.2260761577975492,525
2024-07-08,2024,BEAR,LOW,1.0095455609958233,525,-2.791024757145574,525,-16.494910527208482,525
2024-07-09,2024,NEUTRAL,HIGH,-0.16977515468595958,525,-3.2614329590320987,525,-12.870761948346129,525
2024-07-10,2024,BEAR,LOW,-1.0754376478529211,525,-3.3231870368796894,525,-11.140725410674587,525
2024-07-11,2024,NEUTRAL,LOW,-1.873351043814532,525,-5.3864299378293916,525,-11.160899583389739,525
2024-07-12,2024,NEUTRAL,HIGH,-1.9448736761990075,525,-4.5368381664762536,525,-9.414305555772323,525
2024-07-15,2024,NEUTRAL,LOW,-3.7641290260433165,525,-3.8916189937581644,525,-8.4346914975045113,525
2024-07-16,2024,NEUTRAL,LOW,-3.1905353120506086,525,-4.5937982851720536,525,-8.7376349402814188,525
2024-07-17,2024,BEAR,HIGH,-2.3205046054200378,525,-3.0299161769117506,525,-6.4390153667560313,525
2024-07-18,2024,BEAR,LOW,-3.6756669338772441,525,-1.2789367137441807,525,-4.8891888220132662,525
2024-07-19,2024,BEAR,HIGH,-2.7953801759068142,525,-5.059317240319368,525,-5.3498803094210894,525
2024-07-22,2024,BEAR,HIGH,-0.24910058559028905,525,-14.340513550002779,525,-2.50507338515806,525
2024-07-23,2024,BEAR,LOW,-1.5680189012329646,526,-10.153600319354375,526,-2.820922747610362,526
2024-07-24,2024,BEAR,LOW,-0.74458997335766897,526,-8.3623893114194345,526,-3.608517488458503,526
2024-07-25,2024,BEAR,HIGH,2.4654922912091526,526,-6.5066025719022624,526,-1.5351848769565097,526
2024-07-26,2024,BEAR,HIGH,-2.3632724653360921,526,-5.3246041763125938,526,-2.5492913921589482,526
2024-07-29,2024,BEAR,LOW,-14.216266477816012,528,-4.9295803664192208,528,-3.4258974648738278,528
2024-07-30,2024,BEAR,LOW,-8.7930898748282829,528,-4.4576739021860528,528,-2.6522106967424026,528
2024-07-31,2024,BEAR,HIGH,-7.7470559943676944,529,-3.6051684431407471,529,-4.2307066456901801,528
2024-08-01,2024,NEUTRAL,LOW,-8.8522040152922106,530,-3.8132374071883239,530,-4.2203598886315588,529
2024-08-02,2024,BEAR,HIGH,-3.067376455922092,530,-0.33427524719771179,530,-0.42367125610709261,529
2024-08-05,2024,BEAR,HIGH,11.071704206490931,531,14.352547540570882,531,11.953790448355075,530
2024-08-06,2024,BEAR,HIGH,4.7918631096951465,531,8.4676201696063469,531,2.8903128713605555,530
2024-08-07,2024,BEAR,HIGH,4.5475406774270626,531,5.4675071841662977,531,0.33227912630814249,530
2024-08-08,2024,BEAR,HIGH,5.7398431016391704,532,5.6749163506104336,532,-1.9409058563646666,531
2024-08-09,2024,BEAR,LOW,2.7859538181304204,533,3.0881049850290467,533,-2.6463029634379374,532
2024-08-12,2024,BEAR,LOW,2.8423745660155775,533,1.6327029942078868,533,-5.535948845296482,531
2024-08-13,2024,BEAR,LOW,3.4169219581289294,533,1.9524118785694904,533,-4.5037522326567725,531
2024-08-14,2024,BEAR,HIGH,0.835829794192125,533,-0.68289612642013253,532,-3.3513880154855773,531
2024-08-16,2024,BEAR,HIGH,0.0047839542452789334,533,-0.40488191155172859,532,-3.8299605475852836,531
2024-08-19,2024,BEAR,LOW,0.33873656615619768,533,0.07993706108611677,532,-2.6253223217278228,531
2024-08-20,2024,BEAR,HIGH,-1.0426993559754654,533,-1.7920647339757114,532,-3.6754417842479765,531
2024-08-21,2024,BEAR,LOW,-1.3617005100367074,533,-4.9886106684694695,532,-3.0421547950847958,531
2024-08-22,2024,BEAR,LOW,-1.5080606828497944,532,-4.677314090281067,532,-1.0792821274600166,531
2024-08-23,2024,NEUTRAL,LOW,-0.45966368743932406,532,-7.0999986652491653,532,-1.84536613169229,530
2024-08-26,2024,BEAR,LOW,-0.34250157660606434,532,-5.6621824866566905,532,1.2071650707993224,530
2024-08-27,2024,BEAR,LOW,-0.83119971077051413,532,-6.9540860705994021,531,0.56274715527640062,530
2024-08-28,2024,BEAR,LOW,-3.7624332422609275,532,-6.2333763814909551,531,-0.36207690310188673,530
2024-08-29,2024,BEAR,LOW,-3.3631016090903669,532,-2.4630890905024807,531,-0.45318655365496635,530
2024-08-30,2024,BEAR,LOW,-6.7964227400514128,532,-3.2873655527783967,531,-1.1116602036244714,530
2024-09-02,2024,NEUTRAL,HIGH,-5.4429980721286624,532,-2.4828900357716535,531,0.93916214573969814,530
2024-09-03,2024,BULL,LOW,-6.1041212064148764,531,-1.7468077050638726,531,0.64972019808492332,530
2024-09-04,2024,NEUTRAL,HIGH,-2.3678319685405702,531,2.4214748726779245,531,4.4526700190220208,530
2024-09-05,2024,NEUTRAL,HIGH,1.1660751462569234,531,4.3672841031547991,531,4.6963139742668254,530
2024-09-06,2024,BEAR,LOW,4.0351871102072412,531,6.3497093301743037,530,8.1569122203566344,530
2024-09-09,2024,BEAR,LOW,3.4177884985448976,531,8.0669845430135698,530,7.4940086038177736,530
2024-09-10,2024,BEAR,LOW,4.7460275354495121,531,8.4294727394985234,530,7.4004757403633414,530
2024-09-11,2024,BEAR,HIGH,4.9565566868069091,532,6.4586094209338052,531,7.2794251087155262,531
2024-09-12,2024,BEAR,HIGH,3.2019701461244487,532,2.1871770012652036,531,2.7868108701344041,530
2024-09-13,2024,BEAR,LOW,2.2136098333423901,531,2.3755607838329871,531,3.092644208765527,530
2024-09-19,2024,BEAR,LOW,4.5735649967199601,531,3.8085963308276889,531,0.61272796529680074,530
2024-09-20,2024,BEAR,LOW,3.6699568635360769,531,2.7224308328954834,531,0.89916018813189158,530
2024-09-23,2024,BEAR,LOW,1.5298162503294428,531,2.0199773713579212,531,-0.72634360830995393,530
2024-09-24,2024,NEUTRAL,LOW,-0.99964138403202552,532,0.19412762705910602,532,-2.9648360660631718,531
2024-09-25,2024,BEAR,LOW,0.082724246978772037,533,1.6020269468572876,533,-1.0410324649842639,532
2024-09-26,2024,NEUTRAL,LOW,-0.80015581550286607,533,-0.58381760411777295,533,-3.2724193898611307,532
2024-09-27,2024,NEUTRAL,LOW,-0.93543285254163089,533,-0.90989798417762546,533,-3.4419716388342239,532
2024-09-30,2024,NEUTRAL,LOW,0.48688641065184546,533,0.75868241617608501,533,-1.7103299417048485,532
2024-10-02,2024,BEAR,LOW,1.2584508356902027,533,0.63305293167345655,532,-2.2092395668939906,532
2024-10-04,2024,BEAR,LOW,1.5068366916076983,533,0.75098098979404848,532,-0.91441778753197589,532
2024-10-07,2024,NEUTRAL,HIGH,0.25667485244189259,533,-2.8702572912719009,532,-2.4260047150661577,532
2024-10-08,2024,NEUTRAL,LOW,0.027418763661550223,533,-1.608997420424173,532,-2.1216165883500269,531
2024-10-10,2024,BULL,LOW,0.20071033895429588,533,-2.646196298802066,532,-2.222031771142297,531
2024-10-11,2024,BULL,LOW,-0.70155218435786648,532,-3.1556534263083043,532,-1.6146958707352865,531
2024-10-14,2024,BULL,LOW,-0.78171025991525345,532,-2.5929936282744785,532,-4.2091911263008619,531
2024-10-15,2024,BULL,LOW,-3.1804929963568593,532,-2.7095968500888401,532,-7.0709878079970485,531
2024-10-16,2024,BULL,LOW,-1.6355249557148042,532,-2.5042572059197012,532,-8.6035500088976207,531
2024-10-17,2024,BULL,LOW,-2.8467038421267858,532,-2.2792749335106635,532,-9.0855524229492133,531
2024-10-18,2024,NEUTRAL,LOW,-2.4906030810896072,532,-2.6076096255886538,532,-7.7948753650970692,531
2024-10-21,2024,NEUTRAL,LOW,-1.7883399916728266,532,-1.4491534965044981,532,-7.6087210461554218,531
2024-10-22,2024,NEUTRAL,LOW,0.50285070322776015,532,0.75475794602381474,532,-5.1837356690196223,531
2024-10-23,2024,NEUTRAL,LOW,-0.93950550072999517,532,-0.54799879556649722,531,-6.2992729433240049,531
2024-10-24,2024,NEUTRAL,HIGH,0.5775536841417056,532,0.44757521586373972,531,-5.8296040891752066,531
2024-10-25,2024,BEAR,LOW,-0.055759865161655507,532,1.5949763235831196,531,-4.3921200144591683,531
2024-10-28,2024,BEAR,LOW,0.38620181494267625,532,-1.7224683734245778,531,-3.7822540718169284,531
2024-10-29,2024,BEAR,LOW,0.31963900881489682,534,-4.4525811081937992,533,-3.8228855430955031,533
2024-10-30,2024,BEAR,LOW,0.49554116923105268,533,-6.2572303252308137,533,-3.5841196029935825,533
2024-10-31,2024,BEAR,HIGH,0.005999905828196722,533,-6.9508350818492914,533,-3.8395856087050291,532
2024-11-01,2024,BEAR,HIGH,1.7636569259019874,533,-5.3737563183118162,533,-4.2076328402336056,532
2024-11-04,2024,BEAR,HIGH,-1.946096678506724,533,-6.1654164841422618,533,-6.5449844897300187,532
2024-11-05,2024,BEAR,LOW,-4.684277352594278,533,-5.7751676377093499,533,-4.6479348500528408,532
2024-11-06,2024,BEAR,HIGH,-6.7611715825613707,533,-5.8469484092660009,533,-6.6560662380223388,532
2024-11-07,2024,BEAR,HIGH,-7.0914545338239554,533,-6.3512228632352627,533,-7.7248844568618917,532
2024-11-08,2024,BEAR,LOW,-7.2032157375898693,533,-6.0124614193798154,533,-9.3168053393556924,532
2024-11-11,2024,BEAR,HIGH,-4.469837561740241,533,-2.1734162033995816,533,-12.349233131796371,532
2024-11-12,2024,BEAR,HIGH,-1.2872490627306776,533,0.6600870442747897,533,-5.2785942650275928,532
2024-11-13,2024,BEAR,HIGH,0.88323175199881088,533,2.819203701676257,533,0.12554218393829786,532
2024-11-14,2024,BEAR,HIGH,0.90005825582377563,533,3.5344865350735666,532,1.8130188229793489,532
2024-11-15,2024,BEAR,HIGH,1.2945524716814159,533,1.2381666089606669,532,3.0134286005329725,532
2024-11-18,2024,BEAR,HIGH,2.4214068248170166,534,-0.4961647262044937,533,3.1345164859139674,533
2024-11-19,2024,BEAR,HIGH,1.9833665565816341,534,1.2413102255107422,533,2.4794102376112592,533
2024-11-20,2024,BEAR,LOW,1.8302238085277955,534,-0.77844053098279176,533,3.5567015651293166,533
2024-11-21,2024,BEAR,HIGH,2.5678077193157134,533,-1.4525823991229396,533,2.5661846700898803,533
2024-11-22,2024,BEAR,HIGH,-0.055817094045441121,533,-3.4589708894489939,533,-0.32254116227523832,533
2024-11-25,2024,BEAR,HIGH,-2.8229891000109988,533,-10.449581842508669,533,-0.14528407867018875,533
2024-11-26,2024,BEAR,LOW,-0.63280061097938656,533,-5.8581279968115991,533,-0.33781287987547237,533
2024-11-27,2024,BEAR,HIGH,-2.4787607434264496,533,-2.6008125804041673,533,-0.42071360866677582,533
2024-11-28,2024,BEAR,LOW,-3.9010177505576578,533,-1.605757340561252,533,-1.8494313950429824,533
2024-11-29,2024,BEAR,LOW,-3.3976606544187091,533,1.8624705894508959,533,1.1412956636129441,533
2024-12-02,2024,BEAR,HIGH,-7.854743644885323,533,3.7373836772147988,533,,0
2024-12-03,2024,BEAR,HIGH,-5.2503340518834074,533,1.2599955782807313,533,,0
2024-12-04,2024,BEAR,HIGH,-0.10455402884363249,533,4.377708821413834,533,,0
2024-12-05,2024,BEAR,HIGH,2.3941867943043311,533,4.0830071501469405,533,,0
2024-12-06,2024,BEAR,LOW,5.3995000406734688,533,3.3484539517165959,533,,0
2024-12-09,2024,BEAR,HIGH,12.771656911335867,533,11.950565660249904,533,,0
2024-12-10,2024,BEAR,HIGH,6.9008865266016315,533,6.0802747149246184,533,,0
2024-12-11,2024,NEUTRAL,HIGH,4.4208076101441023,534,2.3383226805527602,534,,0
2024-12-12,2024,NEUTRAL,HIGH,1.6310200756678195,535,-0.19941940127052407,535,,0
2024-12-13,2024,NEUTRAL,LOW,-1.9699410259251415,535,-0.64958212697931839,535,,0
2024-12-16,2024,NEUTRAL,HIGH,-0.66265150052613631,535,,0,,0
2024-12-17,2024,NEUTRAL,LOW,-0.67688339445673007,535,,0,,0
2024-12-18,2024,NEUTRAL,LOW,-1.9976897565768212,535,,0,,0
2024-12-19,2024,NEUTRAL,LOW,-1.8353466566928043,535,,0,,0
2024-12-20,2024,BEAR,LOW,1.3323764340568398,535,,0,,0
2024-12-23,2024,BEAR,HIGH,,0,,0,,0
2024-12-24,2024,BEAR,LOW,,0,,0,,0
2024-12-26,2024,BEAR,LOW,,0,,0,,0
2024-12-27,2024,BEAR,HIGH,,0,,0,,0
2024-12-30,2024,NEUTRAL,LOW,,0,,0,,0
2025-01-02,2025,NEUTRAL,HIGH,5.2630353603262545,537,6.3145141953143922,537,6.6631849812041848,535
2025-01-03,2025,NEUTRAL,HIGH,3.1702065715265144,538,4.5324984360733538,538,5.8264419872963931,536
2025-01-06,2025,BULL,HIGH,0.15174341490181423,538,2.6963406300124473,538,3.942556000973795,536
2025-01-07,2025,BULL,HIGH,0.98160397396348076,538,2.9784680576041924,538,4.9524536187102797,536
2025-01-08,2025,BULL,HIGH,-0.095518529195602178,538,3.4139315341811609,537,4.787795039231467,536
2025-01-09,2025,BULL,HIGH,1.0361647597627166,538,1.3703987886978071,537,4.571214889474783,536
2025-01-10,2025,BULL,LOW,1.2741255040879451,538,2.2766344522262871,537,5.7949858738968674,536
2025-01-13,2025,BULL,LOW,2.558011922775747,538,2.4455953270745523,537,7.4968262573095581,536
2025-01-14,2025,BULL,LOW,1.9749125613029654,538,-1.4989616247953863,537,8.4778268756139337,536
2025-01-15,2025,NEUTRAL,LOW,3.528664829149541,537,0.8300090103445058,537,9.913876912801296,536
2025-01-16,2025,NEUTRAL,LOW,0.28010130064295669,538,0.66038700265779093,537,9.2597088669581424,537
2025-01-17,2025,BULL,HIGH,0.98542375470824894,538,1.5906049304773482,537,7.7463892410039454,537
2025-01-20,2025,BULL,HIGH,-0.096599025328755805,538,1.4499032890195462,537,7.9643824230029256,537
2025-01-21,2025,BULL,HIGH,-3.409415314819761,538,2.23770895592813,537,7.4395916623533802,537
2025-01-22,2025,BULL,HIGH,-2.5786455230929279,539,1.6440394752073784,538,5.7630953974323322,538
2025-01-23,2025,BULL,LOW,0.47562686697096501,538,3.3815240938982511,538,8.2406129720206795,538
2025-01-24,2025,BULL,HIGH,0.74073968914439448,538,3.7092269521933448,538,6.4224613109069564,538
2025-01-31,2025,BULL,HIGH,1.7294439987323746,539,5.1602600635476961,539,3.913972983717477,539
2025-02-03,2025,NEUTRAL,HIGH,6.3090986747912527,540,10.744456114486697,540,6.8917805011501008,539
2025-02-04,2025,BULL,HIGH,4.6468128812345775,540,9.5593491393344383,540,6.8547637392533307,539
2025-02-05,2025,BULL,HIGH,3.0487866590838992,540,8.9256209895939502,540,4.6239471256284679,539
2025-02-06,2025,BULL,HIGH,3.0135163892586845,540,6.2857718754761525,540,2.815523032663426,539
2025-02-07,2025,NEUTRAL,HIGH,3.2843864950293198,541,6.6022917822967475,541,2.4816103714327178,540
2025-02-10,2025,NEUTRAL,HIGH,4.0135959629152884,541,5.2293365908041842,541,0.46976032727316974,540
2025-02-11,2025,NEUTRAL,HIGH,4.5040862127984012,541,4.1119747749593039,541,1.0134790015681467,540
2025-02-12,2025,NEUTRAL,HIGH,5.5791489408679302,541,4.73704420140289,541,0.71866159305320643,540
2025-02-13,2025,BULL,HIGH,3.1975290067926636,541,2.6781424595596031,541,0.70381590465785415,540
2025-02-14,2025,BULL,HIGH,3.1646304625432409,541,-1.2330891490896689,541,0.95689811227871846,540
2025-02-17,2025,BULL,HIGH,1.1996516414208218,541,-3.4418202630067443,540,-0.60856129177535045,540
2025-02-18,2025,BULL,HIGH,-0.27850966057623905,541,-2.3379039694817867,540,-1.4858206962144056,540
2025-02-19,2025,BULL,HIGH,-0.77029207191533122,541,-3.785323384153239,540,-3.5230793097292619,540
2025-02-20,2025,BULL,HIGH,-0.50710671110933936,541,-3.3245944165035359,540,-2.7698798420339217,540
2025-02-21,2025,BULL,HIGH,-4.2523729765996992,541,-3.874319248117517,540,-3.4849564612957322,540
2025-02-24,2025,BULL,LOW,-4.4927046875631271,540,-4.5497955868901681,540,-4.503812735589003,540
2025-02-25,2025,BULL,LOW,-2.0233308721333598,540,-2.9808542939776421,540,-3.4531875589457259,540
2025-02-26,2025,BULL,LOW,-3.0569832371198697,540,-3.7906554752058188,540,-5.536952092386362,540
2025-02-27,2025,BULL,LOW,-2.8551637149982274,540,-1.8704311590720202,540,-6.75887369649287,540
2025-02-28,2025,NEUTRAL,LOW,0.41787264997967399,540,2.32883782349144,540,-6.2986979810799042,540
2025-03-04,2025,BULL,HIGH,-0.053813576077107239,540,2.9678931071356658,540,-3.8411385221587007,540
2025-03-05,2025,BULL,HIGH,-0.9316658370258436,540,0.92218487014761641,540,-6.480750454161436,540
2025-03-06,2025,NEUTRAL,LOW,-0.68651857630918589,540,0.49013819642462619,540,-6.5381938527965469,540
2025-03-07,2025,NEUTRAL,LOW,1.1153021318518341,540,0.78755100840006687,540,-5.7829475722984549,540
2025-03-10,2025,NEUTRAL,LOW,1.9836360127182902,540,0.60431296411458746,540,-11.21926959591875,540
2025-03-11,2025,NEUTRAL,LOW,3.069237458343034,540,0.22552319957927888,540,-9.8390322294604715,540
2025-03-12,2025,NEUTRAL,HIGH,1.9011281613591371,540,-0.40972595805139678,540,-12.65808455296424,540
2025-03-13,2025,NEUTRAL,LOW,1.1545032031199847,540,-1.730452485383206,540,-6.8832160703596514,539
2025-03-14,2025,NEUTRAL,LOW,-0.33446229492155705,540,-4.9149809637254824,540,-6.4772740936180542,538
2025-03-17,2025,NEUTRAL,LOW,-1.3434255431090705,540,-8.3646538511564028,540,-5.6423619370218763,537
2025-03-18,2025,NEUTRAL,LOW,-2.7172575195996171,540,-6.547024225086755,540,-4.7478099823088566,537
2025-03-19,2025,BEAR,LOW,-2.2417576727555466,541,-7.357283738532522,541,-6.0385215633766993,538
2025-03-20,2025,BEAR,LOW,-2.8410678788578183,541,-6.8837063076892875,541,-3.227315817835386,538
2025-03-21,2025,BEAR,HIGH,-4.570695333889951,541,-6.350567106320697,541,-2.3193567920696907,538
2025-03-24,2025,BEAR,LOW,-6.9926130744947717,542,-11.540330444287155,542,-2.0213367682759285,539
2025-03-25,2025,BEAR,HIGH,-3.8539769822773668,542,-9.9238088501404089,542,-0.53565283418691256,539
2025-03-26,2025,BEAR,LOW,-5.1756147196492117,543,-12.250229960273092,543,0.69293524876299006,540
2025-03-27,2025,BEAR,LOW,-4.0927003114063778,543,-5.1607939480787692,542,2.5434289507533219,540
2025-03-28,2025,BEAR,LOW,-1.8977624644453919,543,-1.5373359808534386,541,5.7353233983031542,540
2025-03-31,2025,BEAR,LOW,-4.9918679018684688,543,3.0513609946464686,540,8.1296382875791924,540
2025-04-01,2025,BEAR,LOW,-6.4631500268761322,543,1.9879199972028452,540,6.7811097537517222,540
2025-04-02,2025,BEAR,LOW,-7.5698202690681642,543,1.4215454002701291,540,6.7527896126734337,540
2025-04-03,2025,BEAR,LOW,-1.155224240277285,542,3.8237171222685471,540,7.668784376459211,540
2025-04-04,2025,BEAR,HIGH,0.26122716871209178,541,4.1683595175570458,540,8.0882272373607407,540
2025-04-07,2025,BEAR,HIGH,8.5260026199684162,540,10.874589158143015,540,16.06430292956998,540
2025-04-08,2025,BEAR,LOW,9.1839164341312394,540,10.451589074555585,540,14.954262476989877,540
2025-04-09,2025,BEAR,LOW,9.8562935937301308,540,14.980005550079415,540,18.843883542780503,540
2025-04-10,2025,BEAR,HIGH,5.0548235094610741,540,8.1206395604556789,540,12.355599095744452,540
2025-04-11,2025,BEAR,HIGH,3.8899172875686352,540,7.4398922189029824,540,12.246080979254849,540
2025-04-14,2025,BEAR,LOW,2.1897913282084231,540,5.0491168652543665,540,9.3454743563318168,540
2025-04-15,2025,BEAR,LOW,1.194066789117908,540,4.7280044845133471,540,7.8093186203386757,540
2025-04-16,2025,BEAR,LOW,4.6394026206292995,540,5.2900778839160596,540,7.9437931392484558,540
2025-04-17,2025,BEAR,LOW,2.9017423837114977,540,3.7530583800044233,540,6.5122835875042426,540
2025-04-18,2025,BEAR,LOW,3.4024238618388511,540,3.7731144611062062,540,6.6594434297943321,540
2025-04-21,2025,BEAR,LOW,2.8137936382578075,540,4.6526346593786991,540,5.3819522088746821,540
2025-04-22,2025,NEUTRAL,HIGH,3.5397244288343535,540,4.0864684526605872,540,5.4471251052367782,540
2025-04-23,2025,NEUTRAL,LOW,0.70168665151536291,540,3.449646545983315,540,5.2204074914189658,540
2025-04-24,2025,NEUTRAL,LOW,0.86690701103030166,540,3.9379939342235155,540,5.069336557348934,540
2025-04-25,2025,BULL,LOW,0.41527115731199438,540,4.4745174205843687,540,4.7098172004068486,540
2025-04-28,2025,BULL,HIGH,1.8534966843351004,540,4.0905956341846137,540,6.8841272283330808,540
2025-04-29,2025,BULL,LOW,0.5103501084810157,541,2.8033874895328421,541,5.5041586503523439,541
2025-04-30,2025,BULL,LOW,2.7659542499999876,542,2.3739228307001756,542,6.7077456361560222,542
2025-05-02,2025,BULL,LOW,3.1054842030211272,543,2.5769277918122429,543,9.027480074707098,543
2025-05-07,2025,BULL,LOW,4.0805822659419819,543,2.6733070968557282,543,9.5026608625348903,543
2025-05-08,2025,BULL,LOW,2.1847595157902524,543,0.61483100695993809,543,10.141992495122032,543
2025-05-09,2025,BULL,LOW,2.2452834121692105,543,1.1847666662439984,543,11.431909489753648,543
2025-05-12,2025,BULL,HIGH,-0.43616187435885251,543,1.5632957913656258,543,11.88903852688731,543
2025-05-13,2025,BULL,HIGH,-0.59121405226619661,543,0.99498049878106676,543,12.222370740725424,543
2025-05-14,2025,BULL,HIGH,-1.3035383836531893,544,0.25965056824147892,544,9.0298331755194088,544
2025-05-15,2025,BULL,HIGH,-1.5564101629563345,544,2.5967676433076505,544,11.976578226443799,544
2025-05-16,2025,BULL,HIGH,-1.0290173324542178,544,2.628328958474051,544,12.356137131295338,544
2025-05-19,2025,BULL,LOW,1.9582091091747809,544,4.1965585579108824,544,14.962875107191659,544
2025-05-20,2025,BULL,LOW,1.5840810074927363,544,6.2535841415336,544,15.382772000941175,544
2025-05-21,2025,BULL,LOW,1.6051710247820823,544,6.6728316779593326,544,15.583851960205259,544
2025-05-22,2025,NEUTRAL,LOW,4.2356214738148603,544,9.4802908387360532,544,16.620796090935638,543
2025-05-23,2025,NEUTRAL,HIGH,3.7315137736846204,544,10.151267422011022,544,18.742047340517079,542
2025-05-26,2025,NEUTRAL,HIGH,2.2159372138601112,544,10.200589796748499,544,16.450357978542829,542
2025-05-27,2025,NEUTRAL,HIGH,4.6696508339750435,544,11.089186280895353,544,15.020296375071597,542
2025-05-28,2025,NEUTRAL,HIGH,4.9537483541592682,545,8.5605256567369405,545,13.063180368791881,542
2025-05-29,2025,BULL,LOW,4.966679088331877,545,8.8307006178449363,545,11.740272292706726,542
2025-05-30,2025,NEUTRAL,HIGH,6.217603306370985,545,9.3435986156106203,545,13.097960211552088,542
2025-06-02,2025,BULL,LOW,7.7984511642391592,545,10.153580161405298,545,12.072468235930474,542
2025-06-04,2025,BULL,HIGH,6.1248435936910388,545,8.4322733386506616,545,10.565710598731513,542
2025-06-05,2025,BULL,HIGH,3.403911154343056,545,8.2107343413109444,545,6.9756655378543542,542
2025-06-09,2025,BULL,HIGH,3.6005504015457195,545,6.2059836361310259,544,5.6885309480521338,542
2025-06-10,2025,BULL,HIGH,2.836477992312032,545,7.7244993039806777,543,6.1661800776112141,542
2025-06-11,2025,BULL,HIGH,2.0242259221896148,545,5.7200883179598749,543,5.6502197451010066,542
2025-06-12,2025,BULL,HIGH,1.8358174431990795,546,3.6511945871854046,544,5.7709085485569744,543
2025-06-13,2025,BULL,HIGH,4.3928410514843828,546,4.4257180817391895,543,7.7818381486095571,543
2025-06-16,2025,BULL,HIGH,2.6970135129472101,545,3.2174401488889588,543,6.2857571872657969,543
2025-06-17,2025,BULL,HIGH,4.9417462389629749,544,3.8269210046159081,543,7.2690694290746887,543
2025-06-18,2025,BULL,HIGH,3.9002214899515071,546,2.3543380268956104,545,5.8260918517148905,545
2025-06-19,2025,BULL,HIGH,2.0903894213294794,546,2.9125667806364719,545,5.6322105419372592,545
2025-06-20,2025,BULL,HIGH,0.15724843227493396,546,-0.22092731215842593,546,4.5148064393711849,546
2025-06-23,2025,BULL,HIGH,0.66446962270491028,546,0.20213156341859895,546,5.3069759422741374,546
2025-06-24,2025,BULL,HIGH,-0.95822531508001241,546,-1.0688592628138043,546,1.760966099631271,546
2025-06-25,2025,BULL,HIGH,-1.4347554712957848,546,0.13798116248538961,546,1.7651869165016758,546
2025-06-26,2025,BULL,HIGH,0.83699067198137345,546,2.2294109550220162,546,2.4517415343837388,546
2025-06-27,2025,BULL,LOW,-0.3166585949341863,546,3.449101908888434,546,3.3889031422026625,546
2025-06-30,2025,BULL,HIGH,-0.40665782017829344,546,3.221308740572415,546,3.0375132401645053,546
2025-07-01,2025,BULL,HIGH,-0.078262999546955522,546,3.3651244352990717,546,2.540839011086435,546
2025-07-02,2025,BULL,LOW,1.6380358005074187,546,3.4461786572150075,546,3.322648464730559,546
2025-07-03,2025,BULL,HIGH,1.3981238150414621,546,2.674475014795556,546,2.083952150847304,546
2025-07-04,2025,BULL,LOW,3.8107571998321021,546,4.7837594776121426,546,0.07924450215001301,546
2025-07-07,2025,BULL,HIGH,3.5925252102285095,546,5.0130795166684434,546,1.173255418185432,546
2025-07-08,2025,BULL,LOW,3.412216841226051,546,2.8066472314520823,546,1.7983837020213971,546
2025-07-09,2025,NEUTRAL,LOW,1.7807259457539664,546,1.6052315365023171,546,1.4122999323692536,546
2025-07-10,2025,BULL,LOW,1.3237323614891361,546,0.31269168327553809,546,1.1360744699253231,546
2025-07-11,2025,BULL,LOW,1.0031228026434702,546,0.033219286939251698,546,1.1755400089798573,546
2025-07-14,2025,BULL,LOW,1.5548434537018752,546,0.038532338541686965,546,1.3011917773015949,546
2025-07-15,2025,BULL,HIGH,-0.593437238221729,546,-0.72456086373659112,546,-0.59546886499446028,546
2025-07-16,2025,BULL,LOW,-0.14345310283078369,546,0.031414422169166165,546,0.59086663448268273,546
2025-07-17,2025,BULL,HIGH,-0.95506833432239757,546,-0.36139899544492371,546,0.38450487520726861,546
2025-07-18,2025,BULL,LOW,-0.94898713453340044,546,-4.3266383405366824,546,-1.3410002420421372,546
2025-07-21,2025,BULL,LOW,-1.5363631906670983,546,-3.6300799294662069,546,-3.1826154910730118,546
2025-07-22,2025,NEUTRAL,LOW,-0.14616881787024893,546,-0.93591017392737008,546,-3.6092839510005699,546
2025-07-23,2025,NEUTRAL,LOW,0.16220206736568099,546,-0.19092087551012621,546,-3.0970763320608721,546
2025-07-24,2025,NEUTRAL,LOW,0.61957655192744465,548,0.80637176422034473,548,-2.1003474999632252,548
2025-07-25,2025,NEUTRAL,LOW,-3.3897313961376816,548,1.1159656698212679,548,-0.33553278937994296,548
2025-07-28,2025,NEUTRAL,HIGH,-2.1006884112535804,548,1.1611255112082839,548,-0.21554572797320307,548
2025-07-29,2025,NEUTRAL,LOW,-0.75620035426409715,548,0.099941686887372955,548,-0.1854442262538791,548
2025-07-30,2025,NEUTRAL,LOW,-0.29129065071208587,548,0.47676272430896416,548,-0.083877726608003217,548
2025-07-31,2025,NEUTRAL,LOW,0.21750483283057193,549,0.59119674305525671,549,-0.22153487948356701,549
2025-08-01,2025,BEAR,HIGH,4.7031439314252328,549,3.0265197174416345,549,2.4202945163764835,549
2025-08-04,2025,NEUTRAL,LOW,3.3579650214229626,549,0.44374757339058674,549,1.8023116459017545,549
2025-08-05,2025,NEUTRAL,LOW,0.82863400431598366,550,-2.6798874220118094,550,0.63562723376328467,550
2025-08-06,2025,NEUTRAL,LOW,0.75211417774348577,550,-2.9938189422129859,550,1.0886775702316296,549
2025-08-07,2025,NEUTRAL,LOW,0.34560768028458227,550,-2.9137324591702232,550,1.2441529564600959,549
2025-08-08,2025,NEUTRAL,LOW,-1.5894716676899561,551,-1.4338544290871491,551,1.8635536400390613,550
2025-08-11,2025,NEUTRAL,LOW,-2.792822408430442,551,-1.3272654605740659,551,2.9968336184499647,550
2025-08-12,2025,BEAR,LOW,-3.4960330161386324,551,-0.28689982419410526,551,5.4039529642700028,550
2025-08-13,2025,NEUTRAL,HIGH,-3.6691705926643414,551,-0.57518184481861956,551,5.6685449068371669,550
2025-08-14,2025,BEAR,LOW,-3.2017178756467648,551,-0.8345859768534748,551,6.8161738810248167,550
2025-08-18,2025,BEAR,HIGH,0.18775020582850196,552,-0.67438996645345306,552,9.7512529854596437,551
2025-08-19,2025,BEAR,LOW,1.5607652330098898,552,1.3698100841292462,552,11.245587937859979,551
2025-08-20,2025,BEAR,LOW,3.3682100802746358,552,3.4799917682590453,552,12.560159421711226,551
2025-08-21,2025,BEAR,LOW,3.2919682440731539,552,4.242021708042703,551,13.989579773932025,551
2025-08-22,2025,BEAR,LOW,2.4454294149178843,552,4.2473858143288084,551,13.559706638173095,551
2025-08-25,2025,NEUTRAL,LOW,-0.88016505117088661,552,3.3034467320328096,551,11.894712189549709,551
2025-08-26,2025,NEUTRAL,LOW,-0.26449896938867212,552,4.2649236812418518,551,11.630470404732744,551
2025-08-27,2025,NEUTRAL,LOW,0.0025654100781636541,552,5.5643983097101755,551,10.967189306632712,551
2025-08-28,2025,NEUTRAL,HIGH,0.82957798720724252,551,6.1376231198063991,551,9.7957823449732526,551
2025-08-29,2025,BEAR,LOW,1.646245365429724,551,7.5335590561720114,551,7.1885239326045847,551
2025-09-01,2025,NEUTRAL,HIGH,4.1503343298674489,551,10.343638539376542,551,10.649163095786079,551
2025-09-02,2025,NEUTRAL,LOW,4.4904270762058056,551,9.5845089615069803,551,9.4842228076119266,551
2025-09-03,2025,NEUTRAL,LOW,5.4758454679788171,551,8.5965403165796967,551,9.7349647628979668,551
2025-09-04,2025,NEUTRAL,LOW,5.1666447251650602,551,9.0798224225954165,551,9.9015358721105411,551
2025-09-05,2025,NEUTRAL,LOW,5.7219987892905673,551,8.6377403726653643,551,10.582232704443527,551
2025-09-08,2025,NEUTRAL,LOW,5.828261160379796,551,8.0926662876102604,551,9.3631357452764483,551
2025-09-09,2025,NEUTRAL,HIGH,4.7376895857648362,551,6.7779934075813122,551,6.4915623299615808,551
2025-09-10,2025,NEUTRAL,LOW,2.835530341630601,551,4.8344676887433753,551,8.015827875942966,551
2025-09-11,2025,NEUTRAL,HIGH,3.618123003918285,551,3.269910420502252,551,7.5609144329856557,551
2025-09-12,2025,BULL,HIGH,2.6472645294722899,551,-0.42696616991480069,551,4.805618586014889,551
2025-09-15,2025,BULL,HIGH,2.0367735949335719,551,0.092086784044532188,551,5.5377139572305651,550
2025-09-16,2025,BULL,LOW,1.8599909428673322,551,-0.37943633528342796,551,5.2316178243036644,550
2025-09-17,2025,BULL,LOW,1.7983059607439646,551,0.64947302127021889,551,6.8619639834199715,550
2025-09-18,2025,BULL,HIGH,-0.42168182986148456,552,0.28901217544267055,552,4.7813956060665532,551
2025-09-19,2025,BULL,HIGH,-3.0295757706419715,553,1.2033973088071077,553,6.1972733486776646,552
2025-09-22,2025,BULL,HIGH,-1.9587000352916053,553,0.66606602929543313,553,7.4787359905608106,552
2025-09-23,2025,BULL,HIGH,-2.2118653442695488,553,-0.54068898588946668,553,7.4762374135664267,551
2025-09-24,2025,BULL,HIGH,-1.2435420620771078,553,2.6994545795157525,553,8.3933354802964306,551
2025-09-25,2025,BULL,HIGH,0.61987722168848058,553,3.742344600028892,553,7.3585244993033605,550
2025-09-26,2025,NEUTRAL,LOW,4.291240573420394,553,5.0031028673516884,553,10.52900152909921,550
2025-09-29,2025,BULL,HIGH,2.6415437293472732,553,5.2914654517613,552,10.605047276832424,550
2025-09-30,2025,BULL,LOW,1.7311512268258475,553,5.4549496312061425,552,11.184020911639289,550
2025-10-01,2025,BULL,HIGH,4.0181188191353474,553,6.1192349433007633,552,7.4433564942324226,550
2025-10-02,2025,BULL,LOW,3.165176654335903,553,4.4482983506466454,552,6.2286540867097342,550
2025-10-10,2025,NEUTRAL,HIGH,0.76672507422860414,553,4.975884430065082,552,2.4573803822389828,550
2025-10-13,2025,NEUTRAL,HIGH,2.5731468281642811,552,6.7614874620245038,552,5.2359076372200688,550
2025-10-14,2025,NEUTRAL,HIGH,3.5608623535133765,552,8.0593584457219425,551,6.1870343934127492,550
2025-10-15,2025,NEUTRAL,HIGH,2.0138749906624356,552,5.5483457723214089,551,5.4436742726539933,550
2025-10-16,2025,NEUTRAL,HIGH,1.1539767428370691,552,3.3839819501793125,550,5.6089228553965684,550
2025-10-17,2025,NEUTRAL,HIGH,3.9522228494964637,552,5.1315133604679417,550,3.9300195554642787,550
2025-10-20,2025,NEUTRAL,HIGH,3.9193373105774878,552,4.8612655115181456,550,3.1632447814218367,550
2025-10-21,2025,NEUTRAL,HIGH,4.2189483580910023,552,5.3403082850305266,551,0.25409116823569183,551
2025-10-22,2025,NEUTRAL,HIGH,3.4234843436090689,552,1.2183404843678423,551,-1.2912126557863235,551
2025-10-23,2025,NEUTRAL,HIGH,2.258123326674506,551,1.7581798179368009,551,1.2020301923118228,551
2025-10-24,2025,NEUTRAL,HIGH,1.2451931506226388,551,-2.1191949771165968,551,-3.0763387304084557,551
2025-10-27,2025,NEUTRAL,HIGH,1.0223078865749078,551,-1.2878025037170362,551,-5.1262949300317535,551
2025-10-28,2025,NEUTRAL,HIGH,1.1446106989392799,552,-1.6003460833310181,552,-5.0814865722041818,552
2025-10-29,2025,NEUTRAL,HIGH,-2.142952669207014,552,-0.034350288136606281,552,-3.2955326187265213,552
2025-10-30,2025,NEUTRAL,HIGH,-0.49084194164244027,552,2.1363811924089107,552,-1.3776450808126668,552
2025-10-31,2025,BULL,HIGH,-3.3393501215874353,552,-1.0913929296459073,552,0.099682871465929163,552
2025-11-03,2025,BULL,HIGH,-2.0670150001988268,552,-1.4338416104808385,552,-0.66169591345461332,552
2025-11-04,2025,BULL,HIGH,-2.5360876863250543,552,-4.7454299327819287,552,0.1917426995346056,552
2025-11-05,2025,NEUTRAL,HIGH,2.2333844458783352,552,-2.3940612452125172,552,4.1014899738898762,552
2025-11-06,2025,NEUTRAL,HIGH,2.6192009472823634,552,-0.55375821314500762,552,3.237958013609977,552
2025-11-07,2025,NEUTRAL,LOW,2.2754169809786169,552,-1.1141855142322741,552,6.4289972456822655,552
2025-11-10,2025,NEUTRAL,HIGH,0.5318522252890634,552,-3.9862318831343249,552,3.886278742863301,552
2025-11-11,2025,NEUTRAL,HIGH,-2.2868115042015922,552,-3.594035943042182,552,4.5267632345198994,552
2025-11-12,2025,NEUTRAL,HIGH,-4.5595782686479964,552,-3.4013475733013347,552,2.3262908264055682,552
2025-11-13,2025,NEUTRAL,LOW,-3.1734253841949736,553,-3.6042636843662454,553,2.0812106060847211,553
2025-11-14,2025,NEUTRAL,HIGH,-3.4129214968404828,553,1.1445928404497845,553,6.5833287316478373,553
2025-11-17,2025,NEUTRAL,HIGH,-4.5743534622905528,553,0.639415554499281,553,5.0860702505715025,553
2025-11-18,2025,NEUTRAL,LOW,-1.3610352047479859,554,5.2651969916437178,554,6.2749575272789064,554
2025-11-19,2025,BEAR,LOW,1.137516626329246,554,6.6982903907933977,554,6.5602251594295566,554
2025-11-20,2025,NEUTRAL,LOW,-0.40937861563638389,554,3.8940677375617385,554,3.1199136193049775,554
2025-11-21,2025,BEAR,HIGH,4.8208276435279283,554,7.9162700055368287,554,8.0665296000109112,553
2025-11-24,2025,BEAR,LOW,5.5925481713405132,554,8.3821732394420305,554,11.060516285107498,553
2025-11-25,2025,BEAR,HIGH,6.7233582159795153,554,8.5715946797922271,554,9.4685199733126613,553
2025-11-26,2025,BEAR,LOW,5.4795244604278759,554,5.9994215135239619,554,6.7667848091894172,553
2025-11-27,2025,BEAR,HIGH,4.2629813547398028,554,5.8577749423354097,554,5.808433252215714,553
2025-11-28,2025,NEUTRAL,HIGH,2.9039020036060972,554,5.3331818420107977,554,4.9775756182891326,553
2025-12-01,2025,BEAR,HIGH,2.6363593434318413,554,4.3790617820653432,554,3.930159879459727,553
2025-12-02,2025,NEUTRAL,LOW,1.6976302086406097,554,0.85300312608238038,554,,0
2025-12-03,2025,NEUTRAL,HIGH,0.43722815624518485,554,-0.080997162791550142,554,,0
2025-12-04,2025,NEUTRAL,HIGH,1.5199765020814329,554,-0.66747428608725745,554,,0
2025-12-05,2025,BULL,HIGH,2.3628463001997244,554,0.15020248771415703,553,,0
2025-12-08,2025,NEUTRAL,HIGH,1.6355121879220202,554,2.3368572168969992,553,,0
2025-12-09,2025,NEUTRAL,LOW,-0.84076572649020964,554,0.7030804150440213,553,,0
2025-12-10,2025,NEUTRAL,LOW,-0.54679037608489189,554,0.54256039974651216,553,,0
2025-12-11,2025,NEUTRAL,HIGH,-2.1925245401359041,554,-0.33300330333293016,553,,0
2025-12-12,2025,NEUTRAL,HIGH,-2.2120559111597116,553,-0.66277323964915669,553,,0
2025-12-15,2025,NEUTRAL,HIGH,0.66009312370110373,553,-0.64386780656491094,553,,0
2025-12-16,2025,BULL,HIGH,1.55697544540305,553,,0,,0
2025-12-17,2025,BULL,HIGH,1.0146900533236634,553,,0,,0
2025-12-18,2025,NEUTRAL,HIGH,1.8775318531105396,554,,0,,0
2025-12-19,2025,BULL,HIGH,1.5812554650877979,554,,0,,0
2025-12-22,2025,BULL,HIGH,-1.299752246497037,554,,0,,0
2025-12-23,2025,BULL,HIGH,,0,,0,,0
2025-12-24,2025,BULL,LOW,,0,,0,,0
2025-12-26,2025,NEUTRAL,HIGH,,0,,0,,0
2025-12-29,2025,NEUTRAL,HIGH,,0,,0,,0
2025-12-30,2025,NEUTRAL,HIGH,,0,,0,,0
2026-01-02,2026,NEUTRAL,HIGH,1.0823783607220741,555,5.3541363670414404,555,20.742557639658653,551
2026-01-05,2026,NEUTRAL,HIGH,0.9127246407712668,555,5.6740597036693554,555,14.202056332821723,551
2026-01-06,2026,NEUTRAL,HIGH,1.3426705365191771,555,5.9962829332473317,553,19.225487798835431,551
2026-01-07,2026,NEUTRAL,HIGH,2.7682349584468726,555,6.2961400244321171,553,22.585743420680288,551
2026-01-08,2026,NEUTRAL,HIGH,5.002111063857333,555,8.5829532319589497,551,19.770043929984034,550
2026-01-09,2026,NEUTRAL,HIGH,4.2350777202165109,555,9.4463657707616679,551,16.726606158126373,550
2026-01-12,2026,NEUTRAL,HIGH,4.6181234867521752,555,10.931345486112775,551,20.352988725687251,550
2026-01-13,2026,NEUTRAL,HIGH,4.5409174376842021,553,11.491725594399467,551,19.606526449797091,550
2026-01-14,2026,NEUTRAL,HIGH,3.4004621844942942,553,14.317483533699244,551,20.059848872573468,550
2026-01-15,2026,NEUTRAL,HIGH,3.5458108387750991,551,15.65559088173206,551,20.005180785614609,550
2026-01-16,2026,NEUTRAL,HIGH,5.4150037558211856,551,15.410223501549334,551,18.947015434141953,550
2026-01-19,2026,NEUTRAL,HIGH,6.8836026233731316,551,9.3552916691861476,551,21.891480555287476,550
2026-01-20,2026,BULL,HIGH,6.9939937867971347,551,13.234963870310914,551,21.410682184520482,550
2026-01-21,2026,NEUTRAL,HIGH,11.201415916401572,552,16.338567023180399,552,23.254158265768282,551
2026-01-22,2026,BULL,HIGH,11.836595721884743,552,10.653043012037546,551,22.787486930970957,551
2026-01-23,2026,BULL,HIGH,9.3341785673826916,553,6.4870652227272272,552,19.592973118917214,551
2026-01-26,2026,BULL,HIGH,2.1449502457918626,553,8.359740620673314,552,17.21537874589287,551
2026-01-27,2026,BULL,HIGH,5.6197954243107366,553,7.0944532375097484,552,14.933747478478505,551
2026-01-28,2026,BULL,HIGH,4.5623457109454515,553,5.1789478924194929,552,6.9654173829907799,551
2026-01-29,2026,BULL,HIGH,-0.78161077236393939,552,3.9569456245359729,552,-9.2657577477132662,551
2026-01-30,2026,BULL,HIGH,-2.1748709783148943,552,3.4692826341431213,552,1.1289704577654058,551
2026-02-02,2026,BULL,HIGH,6.2513289119088107,552,11.590112885607704,552,8.5514057301578283,551
2026-02-03,2026,BULL,HIGH,1.7488743293379032,552,7.6134798767821223,552,-1.5299924471118254,551
2026-02-04,2026,BULL,HIGH,0.84610611134075231,552,6.4386258484544951,552,0.8433824024999349,551
2026-02-05,2026,BULL,HIGH,4.6957472763068653,552,10.86588077869246,552,5.2146309217540701,551
2026-02-06,2026,BULL,HIGH,5.7239112823062701,552,12.342387973967448,551,8.3545076127317461,551
2026-02-09,2026,BULL,HIGH,4.9133581501884329,552,8.1231485257698974,551,3.805611687899487,551
2026-02-10,2026,BULL,HIGH,5.6032375653994153,552,7.3075226663372925,551,2.8441512015851202,551
2026-02-11,2026,BULL,HIGH,5.3907073957406073,552,1.5994131610207518,551,2.5669445996131035,551
2026-02-12,2026,BULL,HIGH,5.5648286036595795,552,-12.732779341462946,551,4.3440255501130336,551
2026-02-13,2026,BULL,HIGH,6.3954949170781461,551,-2.0175496992560205,551,4.3946091176215276,551
2026-02-19,2026,BULL,HIGH,3.2983782829861319,552,-2.6017781023535629,552,3.4116974593846336,552
2026-02-20,2026,BULL,HIGH,1.8527290186081991,552,-8.2723523733531277,552,-2.8919312909794002,552
2026-02-23,2026,BULL,HIGH,-3.3380155661081421,555,-4.90826146162998,555,-1.7540905643066671,555
2026-02-24,2026,BULL,HIGH,-17.076574410380719,555,-4.6692534645169292,555,0.72305377527254699,555
2026-02-25,2026,BULL,HIGH,-7.9604514519163052,555,-3.6374644910849092,555,-2.1144047771189682,554
2026-02-26,2026,BULL,HIGH,-5.7898820125773423,556,-4.0701171986079512,556,-2.2105568577096522,555
2026-02-27,2026,BULL,HIGH,-9.8580605414365579,556,-4.20109136638147,556,-4.5446788065089212,555
2026-03-03,2026,NEUTRAL,HIGH,-1.8026592889264319,556,0.76908938858306775,556,-3.5680934802512665,555
2026-03-04,2026,BEAR,HIGH,15.228189414993695,556,19.738247753940801,556,19.081989831402101,555
2026-03-05,2026,NEUTRAL,HIGH,4.7554418218096748,556,6.5119630892365876,556,2.4061492905923485,555
2026-03-06,2026,NEUTRAL,HIGH,1.7959121817289609,556,6.1670634616108337,556,1.1822471614862038,555
2026-03-09,2026,BEAR,HIGH,6.3392519386082116,556,6.0124726773956398,556,5.8586271994236343,554
2026-03-10,2026,BEAR,HIGH,2.6358475130229668,556,3.4169957906422503,556,0.24382130040291536,553
2026-03-11,2026,NEUTRAL,HIGH,3.9015224693995507,557,5.4281407184934105,557,3.6779724185745661,553
2026-03-12,2026,NEUTRAL,HIGH,1.5588086346282279,557,1.3451893318526151,556,2.3457035159392539,552
2026-03-13,2026,NEUTRAL,HIGH,4.185394344787877,557,1.8765730155214884,556,4.0878545293715947,551
2026-03-16,2026,NEUTRAL,HIGH,-0.56806371106621389,557,-0.52390688355042614,556,4.9764647710333865,549
2026-03-17,2026,NEUTRAL,HIGH,0.51792438943696895,558,-4.5404887096405773,557,6.8666230647901338,550
2026-03-18,2026,NEUTRAL,HIGH,1.3378431914817897,559,-0.90477098659713129,558,7.0410340955292821,551
2026-03-19,2026,NEUTRAL,HIGH,-0.16470785265256943,558,-4.0811950688181984,558,10.539831052264816,550
2026-03-20,2026,NEUTRAL,HIGH,-2.0423423526250346,559,-4.916802817772628,559,8.6266406838125498,551
2026-03-23,2026,BEAR,HIGH,0.41051145404751338,559,0.018331769677173433,558,15.822616288608312,551
2026-03-24,2026,BEAR,HIGH,-4.611897908600838,559,-2.7716422649432619,557,14.641501212567173,551
2026-03-25,2026,BEAR,HIGH,-1.7402422020830799,559,-1.2083639711932781,556,12.077572769739305,551
2026-03-26,2026,BEAR,HIGH,-4.0107321177235695,560,0.75789419617488585,556,14.359635883662062,552
2026-03-27,2026,BEAR,HIGH,-2.9344395266144412,560,2.281455935415829,555,16.589985989413684,552
2026-03-30,2026,BEAR,HIGH,-0.38801109371295839,560,6.1029041299685804,554,22.255712567523023,553
2026-03-31,2026,BEAR,HIGH,1.9482386560671359,559,12.316044752657175,554,26.209394088740105,553
2026-04-01,2026,BULL,HIGH,0.54922485283881362,558,8.2171969416223245,554,19.687256395740604,553
2026-04-02,2026,BEAR,HIGH,4.9226082543081144,557,15.883328169319212,553,23.687869578249686,553
2026-04-03,2026,BEAR,HIGH,5.5091067133716507,556,14.868634294753805,553,24.741342492591247,553
2026-04-06,2026,NEUTRAL,HIGH,6.571572591645773,555,16.267566548894877,554,26.213856483191346,554
2026-04-07,2026,BEAR,HIGH,10.421916023430565,555,18.379930169985329,554,26.578594307497301,553
2026-04-08,2026,NEUTRAL,HIGH,7.8534265141053359,555,13.534041920673667,554,19.792873391212311,552
2026-04-09,2026,NEUTRAL,HIGH,10.893401905224934,554,14.032114093484928,554,20.67984138122069,552
2026-04-10,2026,NEUTRAL,HIGH,8.980764589582904,554,14.111217407871679,554,14.860653186107006,552
2026-04-13,2026,NEUTRAL,HIGH,9.1510463625487954,554,15.279456198728749,554,14.787774303633533,552
2026-04-14,2026,NEUTRAL,HIGH,7.3640018231151343,554,12.402368335986834,554,13.93803844765198,552
2026-04-15,2026,NEUTRAL,HIGH,5.482187588458193,554,10.627084975032023,554,5.7964551088016663,552
2026-04-16,2026,BULL,HIGH,2.9571118951764594,554,6.6357592377159023,554,2.1627962137323515,552
2026-04-17,2026,BULL,HIGH,4.7264597412739704,554,8.3425954680768157,554,-0.75565265438098494,552
2026-04-20,2026,BULL,HIGH,5.6956324685764619,555,8.2556795447955817,555,-3.9930828181148339,553
2026-04-21,2026,BULL,HIGH,4.72575217543565,555,6.5401985229372137,554,0.28757354124886336,553
2026-04-22,2026,BULL,HIGH,4.8502026420055193,557,5.3679728070584609,555,3.6518858785695931,555
2026-04-23,2026,BULL,HIGH,3.3984353957807416,558,5.291396303843789,556,4.1675337004417274,555
2026-04-24,2026,BULL,HIGH,3.3085467315464725,558,0.40400139279312169,556,-1.5775404441689802,555
2026-04-27,2026,BULL,HIGH,2.1981733979624858,558,-0.73588204918712974,556,-4.9857510057689769,555
2026-04-28,2026,BULL,HIGH,1.6302317007697895,557,1.239360175693464,556,-6.1068598161326344,555
2026-04-29,2026,BULL,HIGH,0.50412863681209152,556,-4.1725002014528734,556,-8.2879752008129124,555
2026-04-30,2026,BULL,HIGH,1.8759593179362131,556,-4.1547533862397783,556,-8.885888640173345,555
2026-05-04,2026,BULL,HIGH,-2.5577778911866837,557,-7.9598149756988867,557,-9.2845638970310294,556
2026-05-06,2026,BULL,HIGH,-2.4235821843513374,557,-10.618938725937541,557,-12.725096983184216,556
2026-05-07,2026,BULL,HIGH,0.030788302628803044,557,-5.5922614910794977,557,-18.921066124982154,556
2026-05-08,2026,BULL,HIGH,-4.7065024079455373,558,-1.8699917023375732,558,-15.022372708805191,557
2026-05-11,2026,BULL,HIGH,-5.9739201685817802,558,-1.1980240902474182,557,-15.813826785644657,557
2026-05-12,2026,BULL,HIGH,-5.6912276766344245,558,-2.0003451066312197,557,-11.133211897525168,557
2026-05-13,2026,NEUTRAL,HIGH,-8.5684383263846406,558,-4.228501222847207,557,-8.4417315758203681,557
2026-05-14,2026,BULL,HIGH,-6.0314485332357402,558,-7.3995089406757586,557,-8.6244511931580981,557
2026-05-15,2026,NEUTRAL,HIGH,2.6054211829077558,558,-4.6443435235781525,557,-4.1992066831958264,557
2026-05-18,2026,BEAR,HIGH,5.3555694092306458,557,-5.1067295252256875,557,-2.2406486650148087,557
2026-05-19,2026,BEAR,HIGH,4.1461884795924968,557,-1.5650500243568779,557,-2.859872094456954,557
2026-05-20,2026,BEAR,HIGH,4.8657792455023525,557,-2.4091534898156466,557,-3.9511759262342507,556
2026-05-21,2026,BEAR,HIGH,-1.391879785657044,557,-14.133707203186059,557,-9.9217063160375734,556
2026-05-22,2026,NEUTRAL,HIGH,-6.776417612797359,557,-13.237593199968867,557,-19.600925068777528,556
2026-05-26,2026,NEUTRAL,HIGH,-9.7051448062162944,557,-14.996751357836835,557,-19.518239754851678,556
2026-05-27,2026,BEAR,HIGH,-5.4695155169719092,557,-9.6696353811392886,557,-18.390039956197253,556
2026-05-28,2026,BEAR,HIGH,-6.8095386507643889,557,-4.4132580056804374,557,-19.971223380737381,556
2026-05-29,2026,BEAR,HIGH,-12.744529722680999,557,-1.0986460770359041,557,-12.587387003016785,556
2026-06-01,2026,BEAR,HIGH,-6.5726143717670862,558,0.81477979489703145,558,-11.555731540918687,557
2026-06-02,2026,BEAR,HIGH,-5.4188909756463284,558,3.4618770339169234,558,-7.0001149179239963,557
2026-06-04,2026,BEAR,HIGH,-4.4361402321899623,559,-1.4341569907876051,559,-13.480433866383889,558
2026-06-05,2026,BEAR,HIGH,2.5667439474093854,559,-1.7398637094999458,558,-10.256047047229963,558
2026-06-08,2026,BEAR,HIGH,13.307915801051912,559,4.7623855051652884,558,-3.9197318171085795,558
2026-06-09,2026,BEAR,HIGH,7.7009675268229074,559,-7.6666782973688177,558,-10.268692663440591,557
2026-06-10,2026,BEAR,HIGH,9.1331839824412011,560,-5.6562795080307957,559,-13.951401185178938,557
2026-06-11,2026,BEAR,HIGH,3.0103859151624834,560,-9.8715813952436147,559,-16.237944311168455,557
2026-06-12,2026,BEAR,HIGH,-3.9489224469696049,559,-16.441953280437776,559,-14.593104637388365,557
2026-06-15,2026,BEAR,HIGH,-7.4944559022161821,559,-11.577636764884119,559,-19.449754081630434,557
2026-06-16,2026,BEAR,HIGH,-13.964873476553191,559,-12.34446148872782,559,-21.178214828286002,557
2026-06-17,2026,BEAR,HIGH,-13.342627196523832,559,-10.155360610014561,559,-17.891171214066382,556
2026-06-18,2026,BEAR,HIGH,-12.135338790902361,559,-11.847843070863849,559,-17.369160324995249,556
2026-06-19,2026,BEAR,HIGH,-13.065460805238629,559,-8.6543640053801756,559,-18.606303790252088,556
2026-06-22,2026,BEAR,HIGH,-4.3983768383311643,559,-7.944536164690077,559,-16.266138703467124,556
2026-06-23,2026,BEAR,HIGH,1.9415300863196105,559,-2.7424160115783875,558,-9.6346276890614053,556
2026-06-24,2026,BEAR,HIGH,3.5724171647177632,559,-8.5588182865158515,557,-5.5354062280571084,556
2026-06-25,2026,BEAR,HIGH,0.17313776843234502,559,-6.938529914785815,557,-7.3907797763300929,556
2026-06-26,2026,BEAR,HIGH,5.1387532077514431,559,2.5441936755232719,557,-2.5656383425500899,556
2026-06-29,2026,BEAR,HIGH,-3.9395491674126788,559,-8.8569566949111849,557,-16.448064429195234,556
2026-06-30,2026,BEAR,HIGH,-4.6122530635838297,558,-9.8400830774417347,557,-20.226697408381135,555
2026-07-01,2026,BEAR,HIGH,-11.292757037990476,557,-7.8586540641895715,556,-22.692555556016757,554
2026-07-02,2026,BEAR,HIGH,-6.9994261384347061,557,-5.898348780037602,556,-11.79348004398951,554
2026-07-03,2026,BEAR,HIGH,-2.4306716041468395,557,-10.945627862982745,556,-11.228513405056331,554
2026-07-06,2026,BEAR,HIGH,-5.1169190032456191,557,-8.7543088794156887,556,-5.1740392337395384,554
2026-07-07,2026,BEAR,HIGH,-5.3365557471629677,557,-6.3545250219009635,556,-0.29963075653893673,554
2026-07-08,2026,BEAR,HIGH,4.6093799596241594,556,3.9011968458395176,556,5.1932629868867624,554
2026-07-09,2026,BEAR,HIGH,1.4402993026766151,557,-0.3843801336878418,557,5.2898630991927131,555
2026-07-10,2026,BEAR,HIGH,-8.5691525268869366,557,-5.0778854560925044,557,4.5871247102151038,555
2026-07-13,2026,BEAR,HIGH,-3.7953492782907294,558,-8.5405671801690257,558,9.6199522450297561,556
2026-07-14,2026,BEAR,HIGH,-1.0166728633642623,559,-12.09675639573048,558,12.540148631859187,557
2026-07-15,2026,BEAR,HIGH,-0.45602678039387001,561,-16.885197465367675,559,8.1073542433879666,559
2026-07-16,2026,BEAR,HIGH,-1.7489299662339615,562,-6.4579414257044379,560,12.626507141361767,560
2026-07-20,2026,BEAR,HIGH,3.9632337915066804,562,-0.17866250560071054,560,14.607873190618168,560
2026-07-21,2026,BEAR,HIGH,-4.9569916202449855,562,4.1356551373478432,560,11.528288859047212,560
2026-07-22,2026,BEAR,HIGH,-11.382806110791659,561,6.6594170787983646,560,12.2313452301937,560
2026-07-23,2026,BEAR,HIGH,-16.764226092521859,560,1.4200321597543786,560,2.403659884289628,560
2026-07-24,2026,BEAR,HIGH,-4.7669940209229402,561,6.0095437810667054,561,8.8718960493424337,561
2026-07-27,2026,NEUTRAL,HIGH,-4.1700025627375288,561,10.45754098211671,561,10.455937337877764,561
2026-07-28,2026,BEAR,HIGH,9.6627188218278501,561,20.479449754880736,561,20.482990959687857,560
2026-07-29,2026,BEAR,HIGH,21.417225429261865,562,29.695205314766064,562,30.30307853150628,561
2026-07-30,2026,BEAR,HIGH,23.465287205814406,564,33.189560378312486,564,32.980182646064392,563
2026-07-31,2026,BEAR,HIGH,11.534686148798695,564,21.135448995256482,564,19.866126464494215,563
2026-08-03,2026,BEAR,HIGH,15.420436792417169,564,15.406244653598511,564,17.446564147940968,563
2026-08-04,2026,BEAR,HIGH,9.7885715967244931,564,7.527174696017326,564,8.4944787087425873,563
2026-08-05,2026,NEUTRAL,HIGH,6.7126859884434253,565,5.4127375026525399,565,4.5401554907867778,564
2026-08-06,2026,BULL,HIGH,7.4852899772464596,566,1.2848315624149496,566,6.7313104579908343,565
2026-08-07,2026,BULL,HIGH,8.626990058184969,566,2.8778289193024915,566,8.2146166986491416,565
2026-08-10,2026,BULL,HIGH,0.15449980116821499,566,0.28475727253974603,566,2.366497459392753,565
2026-08-11,2026,BULL,HIGH,-2.0609426357540994,566,0.16877303323719905,565,3.2763778252166578,564
2026-08-12,2026,BULL,HIGH,-1.2576702456839068,566,0.52022801099142224,565,3.3027322643946651,564
2026-08-13,2026,BULL,HIGH,-5.6893525039265667,566,0.42505941069298719,565,2.0844792553732585,564
2026-08-14,2026,BULL,HIGH,-5.180605263514388,566,-0.73463682016536924,565,-0.27294763931344457,564
2026-08-18,2026,BULL,HIGH,0.042252790471776075,566,2.0828599322464876,565,4.436340677804961,564
2026-08-19,2026,BULL,HIGH,2.4413470674409439,565,1.070616611303143,565,5.7966161306721835,564
2026-08-20,2026,BULL,HIGH,1.8704205339457076,565,-0.75698832320962939,565,5.9530421657418442,564
2026-08-21,2026,NEUTRAL,HIGH,6.6319104552751593,566,5.4681194989586022,566,10.716948539891376,565
2026-08-24,2026,BULL,HIGH,4.8345036701084432,566,5.2629674117529506,566,9.8471311405969768,565
2026-08-25,2026,BULL,HIGH,2.13719465828237,566,2.2772034563635826,566,6.8153195044768582,565
2026-08-26,2026,BULL,HIGH,-1.3374561044815321,566,3.463335814437678,565,6.5463727061950312,565
2026-08-27,2026,BULL,HIGH,-2.6273773214056471,566,3.0805075056054312,565,5.5066957687324498,565
2026-08-28,2026,BULL,HIGH,-1.1040844915144301,566,2.0069244659565069,565,5.2827605209880364,565
2026-08-31,2026,BULL,HIGH,0.29610883566740925,566,0.70555188704759142,565,5.4018492186993772,565
2026-09-01,2026,BULL,HIGH,0.051653150642501942,566,2.6955932071849147,565,8.5964073099970175,565
2026-09-02,2026,BULL,HIGH,4.9937754499267255,565,5.0277251921960451,565,12.710662580744016,565
2026-09-03,2026,NEUTRAL,HIGH,6.0896498286357934,565,7.3796579763868051,565,16.177203122160986,565
2026-09-04,2026,NEUTRAL,HIGH,3.2495031441284685,565,5.3760471410665449,565,9.94636935318408,565
2026-09-07,2026,NEUTRAL,HIGH,0.48256201151615707,565,4.5886360075961878,565,,0
2026-09-08,2026,NEUTRAL,HIGH,2.6607917347600014,566,4.8266739239813345,566,,0
2026-09-09,2026,NEUTRAL,HIGH,0.046062132943400842,566,2.9893736393033312,566,,0
2026-09-10,2026,NEUTRAL,HIGH,1.2222972739313944,566,2.462293170308314,566,,0
2026-09-11,2026,NEUTRAL,HIGH,2.057356427968426,566,3.2650553575962347,566,,0
2026-09-14,2026,NEUTRAL,HIGH,4.1646046085725237,566,4.8720201933094351,566,,0
2026-09-15,2026,NEUTRAL,HIGH,2.1314655015235497,566,5.9017935556284487,566,,0
2026-09-16,2026,NEUTRAL,HIGH,2.9583533694243949,566,7.316157832675958,566,,0
2026-09-17,2026,NEUTRAL,HIGH,1.2354377525695501,566,7.7852768912616757,566,,0
2026-09-18,2026,BULL,HIGH,1.139620709500641,567,4.1352485199991245,567,,0
2026-09-21,2026,BULL,HIGH,0.52719555157986475,567,,0,,0
2026-09-22,2026,NEUTRAL,LOW,3.4502875221416955,567,,0,,0
2026-09-23,2026,NEUTRAL,HIGH,3.987087022929241,567,,0,,0
2026-09-28,2026,NEUTRAL,HIGH,6.1899088631835939,567,,0,,0
2026-09-29,2026,NEUTRAL,HIGH,2.853987071976154,567,,0,,0
2026-09-30,2026,NEUTRAL,LOW,,0,,0,,0
2026-10-01,2026,NEUTRAL,HIGH,,0,,0,,0
2026-10-02,2026,BULL,HIGH,,0,,0,,0
2026-10-06,2026,BULL,HIGH,,0,,0,,0
2026-10-07,2026,NEUTRAL,HIGH,,0,,0,,0
