strategy,dimension,regime,horizon,signal_dates,valid_replicates,lower_95_pct,upper_95_pct,status
A,direction,BEAR,5,195,2000,-0.63664816733001883,1.6477020993636331,DESCRIPTIVE
A,direction,BEAR,10,194,2000,-1.0385735101908402,1.9661883555444151,DESCRIPTIVE
A,direction,BEAR,20,187,2000,-0.73845747525613759,6.2020967731195533,DESCRIPTIVE
A,direction,BULL,5,182,2000,0.15626959505131749,2.5867451200428935,DESCRIPTIVE
A,direction,BULL,10,177,2000,0.93394558824975538,4.5719500352289231,DESCRIPTIVE
A,direction,BULL,20,175,2000,1.8827994049568495,7.7373146134973005,DESCRIPTIVE
A,direction,NEUTRAL,5,204,2000,0.093564852252044042,2.6198500187835161,DESCRIPTIVE
A,direction,NEUTRAL,10,195,2000,0.50717335337350999,4.5837492180765382,DESCRIPTIVE
A,direction,NEUTRAL,20,174,2000,0.72734157764147978,8.8904493913035534,DESCRIPTIVE
A,direction,UNKNOWN,5,0,0,,,LOW_EFFECTIVE_SAMPLE
A,direction,UNKNOWN,10,0,0,,,LOW_EFFECTIVE_SAMPLE
A,direction,UNKNOWN,20,0,0,,,LOW_EFFECTIVE_SAMPLE
A,volatility_regime,HIGH,5,371,2000,0.68287614997372914,2.6128549453412862,DESCRIPTIVE
A,volatility_regime,HIGH,10,361,2000,1.0210990815757299,4.2113747510082815,DESCRIPTIVE
A,volatility_regime,HIGH,20,336,2000,1.6795082763370686,8.2601194692374555,DESCRIPTIVE
A,volatility_regime,LOW,5,209,2000,-0.84904213910905479,1.0732052181600185,DESCRIPTIVE
A,volatility_regime,LOW,10,204,2000,-0.97274678801862247,2.3041483827169187,DESCRIPTIVE
A,volatility_regime,LOW,20,199,2000,-0.6090132650298562,5.6125570309546946,DESCRIPTIVE
A,volatility_regime,UNKNOWN,5,1,1288,2.1652466988898591,2.1652466988898591,LOW_EFFECTIVE_SAMPLE
A,volatility_regime,UNKNOWN,10,1,1288,0.12615296245930305,0.12615296245930305,LOW_EFFECTIVE_SAMPLE
A,volatility_regime,UNKNOWN,20,1,1288,-0.9228997680469635,-0.9228997680469635,LOW_EFFECTIVE_SAMPLE
B,direction,BEAR,5,200,2000,-1.8351560962474887,0.58108944029015963,DESCRIPTIVE
B,direction,BEAR,10,199,2000,-2.9722758621374212,1.4967371649710537,DESCRIPTIVE
B,direction,BEAR,20,193,2000,-3.7080178089964493,3.8125869102838839,DESCRIPTIVE
B,direction,BULL,5,179,2000,0.077791445860584604,2.2819583233775282,DESCRIPTIVE
B,direction,BULL,10,174,2000,-0.59653014566442131,3.10605526361817,DESCRIPTIVE
B,direction,BULL,20,172,2000,-0.68633391907565133,5.5893774124610891,DESCRIPTIVE
B,direction,NEUTRAL,5,204,2000,0.39449730236440145,2.3992265190705586,DESCRIPTIVE
B,direction,NEUTRAL,10,195,2000,1.2622046551115851,5.0038316325427905,DESCRIPTIVE
B,direction,NEUTRAL,20,174,2000,0.5992875317453582,7.7849779226653668,DESCRIPTIVE
B,direction,UNKNOWN,5,0,0,,,LOW_EFFECTIVE_SAMPLE
B,direction,UNKNOWN,10,0,0,,,LOW_EFFECTIVE_SAMPLE
B,direction,UNKNOWN,20,0,0,,,LOW_EFFECTIVE_SAMPLE
B,volatility_regime,HIGH,5,376,2000,-0.41209948888684084,1.8265405377287462,DESCRIPTIVE
B,volatility_regime,HIGH,10,366,2000,-0.88334245396332234,3.0977207448849855,DESCRIPTIVE
B,volatility_regime,HIGH,20,341,2000,-0.83926709219922202,5.7379551188093227,DESCRIPTIVE
B,volatility_regime,LOW,5,206,2000,-0.40058964599975622,1.2435757993510477,DESCRIPTIVE
B,volatility_regime,LOW,10,201,2000,-0.37474803538758583,2.5867414597715253,DESCRIPTIVE
B,volatility_regime,LOW,20,197,2000,-0.95650990417663195,4.6170859316765229,DESCRIPTIVE
B,volatility_regime,UNKNOWN,5,1,1288,0.04400133045258927,0.04400133045258927,LOW_EFFECTIVE_SAMPLE
B,volatility_regime,UNKNOWN,10,1,1288,-2.0344949193402022,-2.0344949193402022,LOW_EFFECTIVE_SAMPLE
B,volatility_regime,UNKNOWN,20,1,1288,-1.1712793387565437,-1.1712793387565437,LOW_EFFECTIVE_SAMPLE
C,direction,BEAR,5,206,2000,-1.1222148779126953,1.1674980776802824,DESCRIPTIVE
C,direction,BEAR,10,205,2000,-2.1833374178487235,1.7212286782605346,DESCRIPTIVE
C,direction,BEAR,20,199,2000,-3.1212813403730775,5.9334665761379393,DESCRIPTIVE
C,direction,BULL,5,182,2000,0.15927786599538621,2.3388683694307941,DESCRIPTIVE
C,direction,BULL,10,177,2000,0.89824774428661269,4.147691486124935,DESCRIPTIVE
C,direction,BULL,20,175,2000,1.5899250562910552,7.2168040710071049,DESCRIPTIVE
C,direction,NEUTRAL,5,203,2000,0.062364861260868848,2.9582948365948862,DESCRIPTIVE
C,direction,NEUTRAL,10,194,2000,0.89159939840933833,6.0257144083421066,DESCRIPTIVE
C,direction,NEUTRAL,20,173,2000,0.30615591323669111,8.4163562029922172,DESCRIPTIVE
C,direction,UNKNOWN,5,0,0,,,LOW_EFFECTIVE_SAMPLE
C,direction,UNKNOWN,10,0,0,,,LOW_EFFECTIVE_SAMPLE
C,direction,UNKNOWN,20,0,0,,,LOW_EFFECTIVE_SAMPLE
C,volatility_regime,HIGH,5,380,2000,-0.11807151781233993,2.2706967986979674,DESCRIPTIVE
C,volatility_regime,HIGH,10,370,2000,0.046473775752604252,4.2027093073343886,DESCRIPTIVE
C,volatility_regime,HIGH,20,346,2000,-0.1071975053991788,7.4795684612724065,DESCRIPTIVE
C,volatility_regime,LOW,5,210,2000,-0.55559426601168316,1.5283184428072683,DESCRIPTIVE
C,volatility_regime,LOW,10,205,2000,-0.56053974189944589,2.9898809677007208,DESCRIPTIVE
C,volatility_regime,LOW,20,200,2000,-0.43031795122400063,5.7177298607660463,DESCRIPTIVE
C,volatility_regime,UNKNOWN,5,1,1288,0.63323352887214446,0.63323352887214446,LOW_EFFECTIVE_SAMPLE
C,volatility_regime,UNKNOWN,10,1,1288,-1.4233200390418699,-1.4233200390418699,LOW_EFFECTIVE_SAMPLE
C,volatility_regime,UNKNOWN,20,1,1288,-3.4421140194717643,-3.4421140194717643,LOW_EFFECTIVE_SAMPLE
