strategy,year,horizon,feature,signal_dates,spearman_date_mean
A,ALL,5,return_1d_mean_pct,581,0.13528515565486771
A,ALL,5,return_1d_median_pct,581,0.13256775057917244
A,ALL,5,return_5d_mean_pct,581,0.11116405085070362
A,ALL,5,return_5d_median_pct,581,0.094526777422826044
A,ALL,5,return_20d_mean_pct,581,0.11755801837179607
A,ALL,5,return_20d_median_pct,581,0.083114450842542167
A,ALL,5,positive_1d_pct,581,0.13730507953456214
A,ALL,5,positive_5d_pct,581,0.087704750397367817
A,ALL,5,positive_20d_pct,581,0.096012572810977401
A,ALL,5,close_above_ma20_pct,581,0.077152307938025425
A,ALL,5,ma5_above_ma20_pct,581,0.034372211815792662
A,ALL,5,cross_sectional_volatility_1d_pct,581,0.12409240843318427
A,ALL,5,volume_above_ma20_pct,581,0.16154239934859879
A,ALL,5,volume_ma5_above_ma20_pct,581,0.20918124568370688
A,ALL,10,return_1d_mean_pct,566,0.11289164466562134
A,ALL,10,return_1d_median_pct,566,0.111078335502426
A,ALL,10,return_5d_mean_pct,566,0.12522288519036384
A,ALL,10,return_5d_median_pct,566,0.11753751719405127
A,ALL,10,return_20d_mean_pct,566,0.13306672318523846
A,ALL,10,return_20d_median_pct,566,0.11116061633635925
A,ALL,10,positive_1d_pct,566,0.10935394073467196
A,ALL,10,positive_5d_pct,566,0.11204080720976058
A,ALL,10,positive_20d_pct,566,0.11503283199821918
A,ALL,10,close_above_ma20_pct,566,0.10418200894563456
A,ALL,10,ma5_above_ma20_pct,566,0.062173007802089314
A,ALL,10,cross_sectional_volatility_1d_pct,566,0.12938136816306864
A,ALL,10,volume_above_ma20_pct,566,0.19449689888128432
A,ALL,10,volume_ma5_above_ma20_pct,566,0.17469762385631707
A,ALL,20,return_1d_mean_pct,536,0.13709321091508989
A,ALL,20,return_1d_median_pct,536,0.13883888056824947
A,ALL,20,return_5d_mean_pct,536,0.12737196386365568
A,ALL,20,return_5d_median_pct,536,0.1130516335349179
A,ALL,20,return_20d_mean_pct,536,0.10678425343132404
A,ALL,20,return_20d_median_pct,536,0.072440309806888911
A,ALL,20,positive_1d_pct,536,0.13010300541276729
A,ALL,20,positive_5d_pct,536,0.11171320180409226
A,ALL,20,positive_20d_pct,536,0.075562352359764995
A,ALL,20,close_above_ma20_pct,536,0.12791596464074423
A,ALL,20,ma5_above_ma20_pct,536,0.079255156973487728
A,ALL,20,cross_sectional_volatility_1d_pct,536,0.10489163850252212
A,ALL,20,volume_above_ma20_pct,536,0.1832073459708454
A,ALL,20,volume_ma5_above_ma20_pct,536,0.088041546684896693
A,2024,5,return_1d_mean_pct,177,0.0770394383753744
A,2024,5,return_1d_median_pct,177,0.1019256207536285
A,2024,5,return_5d_mean_pct,177,-0.0473416318969547
A,2024,5,return_5d_median_pct,177,-0.0373604744274822
A,2024,5,return_20d_mean_pct,177,-0.075639272173265701
A,2024,5,return_20d_median_pct,177,-0.12144872838074133
A,2024,5,positive_1d_pct,177,0.098567965249116915
A,2024,5,positive_5d_pct,177,-0.058065873923237102
A,2024,5,positive_20d_pct,177,-0.12309078996847291
A,2024,5,close_above_ma20_pct,177,-0.21113579384057754
A,2024,5,ma5_above_ma20_pct,177,-0.25660982488771611
A,2024,5,cross_sectional_volatility_1d_pct,177,0.2099210539983726
A,2024,5,volume_above_ma20_pct,177,0.083739823323715601
A,2024,5,volume_ma5_above_ma20_pct,177,0.15706101532629041
A,2024,10,return_1d_mean_pct,172,0.03354063340903677
A,2024,10,return_1d_median_pct,172,0.049848102162975555
A,2024,10,return_5d_mean_pct,172,0.0022145025151937511
A,2024,10,return_5d_median_pct,172,0.0047521987773501539
A,2024,10,return_20d_mean_pct,172,-0.014508646936604854
A,2024,10,return_20d_median_pct,172,-0.066890239444558422
A,2024,10,positive_1d_pct,172,0.05099024874292285
A,2024,10,positive_5d_pct,172,-0.011567789190325913
A,2024,10,positive_20d_pct,172,-0.080144615479841863
A,2024,10,close_above_ma20_pct,172,-0.13753076200231565
A,2024,10,ma5_above_ma20_pct,172,-0.16956087747930951
A,2024,10,cross_sectional_volatility_1d_pct,172,0.10665459184997041
A,2024,10,volume_above_ma20_pct,172,0.042441294181656535
A,2024,10,volume_ma5_above_ma20_pct,172,0.10246810437786509
A,2024,20,return_1d_mean_pct,162,0.017555298696936467
A,2024,20,return_1d_median_pct,162,0.015790788826396621
A,2024,20,return_5d_mean_pct,162,-0.051446523305685742
A,2024,20,return_5d_median_pct,162,-0.063571255700939369
A,2024,20,return_20d_mean_pct,162,0.065700765354006208
A,2024,20,return_20d_median_pct,162,-0.0028833085648236356
A,2024,20,positive_1d_pct,162,0.01762872419327945
A,2024,20,positive_5d_pct,162,-0.070235456584960776
A,2024,20,positive_20d_pct,162,-0.013245229388954659
A,2024,20,close_above_ma20_pct,162,-0.10175454938148498
A,2024,20,ma5_above_ma20_pct,162,-0.097207217188741243
A,2024,20,cross_sectional_volatility_1d_pct,162,0.13896756948237343
A,2024,20,volume_above_ma20_pct,162,0.034978131611705085
A,2024,20,volume_ma5_above_ma20_pct,162,0.014857008177130976
A,2025,5,return_1d_mean_pct,235,0.057565165931556125
A,2025,5,return_1d_median_pct,235,0.055751431198177034
A,2025,5,return_5d_mean_pct,235,0.1347295810332233
A,2025,5,return_5d_median_pct,235,0.11798711891849346
A,2025,5,return_20d_mean_pct,235,0.0041804210935116083
A,2025,5,return_20d_median_pct,235,0.00073973388073640494
A,2025,5,positive_1d_pct,235,0.074553737476902859
A,2025,5,positive_5d_pct,235,0.12407654584804689
A,2025,5,positive_20d_pct,235,0.012070175957748328
A,2025,5,close_above_ma20_pct,235,0.061312592973103527
A,2025,5,ma5_above_ma20_pct,235,0.0018687583321531855
A,2025,5,cross_sectional_volatility_1d_pct,235,-0.027249022164276396
A,2025,5,volume_above_ma20_pct,235,0.16044310161929379
A,2025,5,volume_ma5_above_ma20_pct,235,0.10365625451505175
A,2025,10,return_1d_mean_pct,230,0.035023757332471969
A,2025,10,return_1d_median_pct,230,0.018718888493925171
A,2025,10,return_5d_mean_pct,230,0.073137077465917397
A,2025,10,return_5d_median_pct,230,0.053831391691812613
A,2025,10,return_20d_mean_pct,230,-0.0085388315880056895
A,2025,10,return_20d_median_pct,230,-0.020818179352449336
A,2025,10,positive_1d_pct,230,0.025891715198568591
A,2025,10,positive_5d_pct,230,0.055604267494633923
A,2025,10,positive_20d_pct,230,-0.020100705719281971
A,2025,10,close_above_ma20_pct,230,-0.025440042410929568
A,2025,10,ma5_above_ma20_pct,230,-0.087819316462695612
A,2025,10,cross_sectional_volatility_1d_pct,230,0.063082806693970539
A,2025,10,volume_above_ma20_pct,230,0.18921190064117407
A,2025,10,volume_ma5_above_ma20_pct,230,0.032094999858244593
A,2025,20,return_1d_mean_pct,220,0.082776691479350614
A,2025,20,return_1d_median_pct,220,0.080730462566898809
A,2025,20,return_5d_mean_pct,220,0.13629996111865572
A,2025,20,return_5d_median_pct,220,0.12749985278617817
A,2025,20,return_20d_mean_pct,220,0.055631878194327827
A,2025,20,return_20d_median_pct,220,0.059223612809430698
A,2025,20,positive_1d_pct,220,0.079519267857362921
A,2025,20,positive_5d_pct,220,0.13799560358815216
A,2025,20,positive_20d_pct,220,0.050025794189377165
A,2025,20,close_above_ma20_pct,220,0.1900116785417808
A,2025,20,ma5_above_ma20_pct,220,0.11798108162176621
A,2025,20,cross_sectional_volatility_1d_pct,220,0.030054715630863899
A,2025,20,volume_above_ma20_pct,220,0.27083130238890335
A,2025,20,volume_ma5_above_ma20_pct,220,0.12013109226279275
A,2026,5,return_1d_mean_pct,169,0.17557804186763465
A,2026,5,return_1d_median_pct,169,0.18528960591178023
A,2026,5,return_5d_mean_pct,169,0.10891800507185123
A,2026,5,return_5d_median_pct,169,0.11827138946729772
A,2026,5,return_20d_mean_pct,169,0.078934414002287304
A,2026,5,return_20d_median_pct,169,0.081736363184326991
A,2026,5,positive_1d_pct,169,0.18612555015578336
A,2026,5,positive_5d_pct,169,0.10866592577708931
A,2026,5,positive_20d_pct,169,0.1046303478779588
A,2026,5,close_above_ma20_pct,169,0.1492833803552383
A,2026,5,ma5_above_ma20_pct,169,0.12103168190641891
A,2026,5,cross_sectional_volatility_1d_pct,169,-0.050405250857739545
A,2026,5,volume_above_ma20_pct,169,0.19069509569673218
A,2026,5,volume_ma5_above_ma20_pct,169,0.28085906204230798
A,2026,10,return_1d_mean_pct,164,0.1553956443078095
A,2026,10,return_1d_median_pct,164,0.17734326539117334
A,2026,10,return_5d_mean_pct,164,0.17153700705997577
A,2026,10,return_5d_median_pct,164,0.20967777040266519
A,2026,10,return_20d_mean_pct,164,0.099193339953477594
A,2026,10,return_20d_median_pct,164,0.11885516847360329
A,2026,10,positive_1d_pct,164,0.17684451373223706
A,2026,10,positive_5d_pct,164,0.19556730256571922
A,2026,10,positive_20d_pct,164,0.13849265836967006
A,2026,10,close_above_ma20_pct,164,0.21102354492969333
A,2026,10,ma5_above_ma20_pct,164,0.19463383048950345
A,2026,10,cross_sectional_volatility_1d_pct,164,-0.13666154285636553
A,2026,10,volume_above_ma20_pct,164,0.24588829269798965
A,2026,10,volume_ma5_above_ma20_pct,164,0.28049477232889658
A,2026,20,return_1d_mean_pct,154,0.16748728817040012
A,2026,20,return_1d_median_pct,154,0.19743068864089777
A,2026,20,return_5d_mean_pct,154,0.11289090416225143
A,2026,20,return_5d_median_pct,154,0.15083877814970295
A,2026,20,return_20d_mean_pct,154,-0.062789455958336418
A,2026,20,return_20d_median_pct,154,-0.053139144220738156
A,2026,20,positive_1d_pct,154,0.1861911247475232
A,2026,20,positive_5d_pct,154,0.13473351481878534
A,2026,20,positive_20d_pct,154,-0.044251676794435021
A,2026,20,close_above_ma20_pct,154,0.068564594127946965
A,2026,20,ma5_above_ma20_pct,154,0.037022798554073408
A,2026,20,cross_sectional_volatility_1d_pct,154,-0.23088625479517322
A,2026,20,volume_above_ma20_pct,154,0.13664606477768396
A,2026,20,volume_ma5_above_ma20_pct,154,0.038999049585690441
B,ALL,5,return_1d_mean_pct,583,0.13182160944309454
B,ALL,5,return_1d_median_pct,583,0.11206029216055795
B,ALL,5,return_5d_mean_pct,583,0.16299997601873736
B,ALL,5,return_5d_median_pct,583,0.14467175125261048
B,ALL,5,return_20d_mean_pct,583,0.14237391003344538
B,ALL,5,return_20d_median_pct,583,0.12366129027642903
B,ALL,5,positive_1d_pct,583,0.11292007872397392
B,ALL,5,positive_5d_pct,583,0.14040416730215671
B,ALL,5,positive_20d_pct,583,0.12047360233826493
B,ALL,5,close_above_ma20_pct,583,0.13663749071086881
B,ALL,5,ma5_above_ma20_pct,583,0.07619656609636459
B,ALL,5,cross_sectional_volatility_1d_pct,583,0.033925432322817833
B,ALL,5,volume_above_ma20_pct,583,0.082349231952111468
B,ALL,5,volume_ma5_above_ma20_pct,583,0.16660910807848187
B,ALL,10,return_1d_mean_pct,568,0.13027052505752476
B,ALL,10,return_1d_median_pct,568,0.11881657659485079
B,ALL,10,return_5d_mean_pct,568,0.099187718906028788
B,ALL,10,return_5d_median_pct,568,0.091726058141243849
B,ALL,10,return_20d_mean_pct,568,0.14369219941140041
B,ALL,10,return_20d_median_pct,568,0.13001621867533095
B,ALL,10,positive_1d_pct,568,0.10935776865511772
B,ALL,10,positive_5d_pct,568,0.087566649582887013
B,ALL,10,positive_20d_pct,568,0.12307023006782619
B,ALL,10,close_above_ma20_pct,568,0.11987212993362707
B,ALL,10,ma5_above_ma20_pct,568,0.064268939171636702
B,ALL,10,cross_sectional_volatility_1d_pct,568,0.0057118732704762075
B,ALL,10,volume_above_ma20_pct,568,0.13492507317676264
B,ALL,10,volume_ma5_above_ma20_pct,568,0.15909067989557255
B,ALL,20,return_1d_mean_pct,539,0.11341661819622519
B,ALL,20,return_1d_median_pct,539,0.11128651416014253
B,ALL,20,return_5d_mean_pct,539,0.13446949580778575
B,ALL,20,return_5d_median_pct,539,0.1333032930602995
B,ALL,20,return_20d_mean_pct,539,0.13123098062025304
B,ALL,20,return_20d_median_pct,539,0.097626442714068826
B,ALL,20,positive_1d_pct,539,0.10176416952928827
B,ALL,20,positive_5d_pct,539,0.12951032391863712
B,ALL,20,positive_20d_pct,539,0.098306663908404687
B,ALL,20,close_above_ma20_pct,539,0.16257003695713637
B,ALL,20,ma5_above_ma20_pct,539,0.095261451929754007
B,ALL,20,cross_sectional_volatility_1d_pct,539,-0.0018920714619068307
B,ALL,20,volume_above_ma20_pct,539,0.12691088090601729
B,ALL,20,volume_ma5_above_ma20_pct,539,0.10234083976666271
B,2024,5,return_1d_mean_pct,176,0.12188201628879596
B,2024,5,return_1d_median_pct,176,0.12751048536488413
B,2024,5,return_5d_mean_pct,176,0.085996037860444657
B,2024,5,return_5d_median_pct,176,0.095847102509847251
B,2024,5,return_20d_mean_pct,176,-0.041175434734756773
B,2024,5,return_20d_median_pct,176,-0.095553598943429449
B,2024,5,positive_1d_pct,176,0.11366076435316669
B,2024,5,positive_5d_pct,176,0.072928801885640687
B,2024,5,positive_20d_pct,176,-0.098838261912040537
B,2024,5,close_above_ma20_pct,176,-0.061692917762556504
B,2024,5,ma5_above_ma20_pct,176,-0.15057162274881655
B,2024,5,cross_sectional_volatility_1d_pct,176,0.015073739819502531
B,2024,5,volume_above_ma20_pct,176,-0.18271697062582976
B,2024,5,volume_ma5_above_ma20_pct,176,0.00035769571321863579
B,2024,10,return_1d_mean_pct,171,0.070847433220534245
B,2024,10,return_1d_median_pct,171,0.064433590326615553
B,2024,10,return_5d_mean_pct,171,-0.028125374997000029
B,2024,10,return_5d_median_pct,171,-0.042505752584156238
B,2024,10,return_20d_mean_pct,171,0.038927688578491375
B,2024,10,return_20d_median_pct,171,-0.018818249454004371
B,2024,10,positive_1d_pct,171,0.059428431543820708
B,2024,10,positive_5d_pct,171,-0.046749310154352776
B,2024,10,positive_20d_pct,171,-0.035585886125574347
B,2024,10,close_above_ma20_pct,171,-0.085378424335486175
B,2024,10,ma5_above_ma20_pct,171,-0.11737861310746267
B,2024,10,cross_sectional_volatility_1d_pct,171,0.032646938824489408
B,2024,10,volume_above_ma20_pct,171,-0.061590965954872609
B,2024,10,volume_ma5_above_ma20_pct,171,0.091345181733742384
B,2024,20,return_1d_mean_pct,162,-0.012923375686779261
B,2024,20,return_1d_median_pct,162,-0.029087403713735159
B,2024,20,return_5d_mean_pct,162,-0.0044837353452984287
B,2024,20,return_5d_median_pct,162,-0.018118859327501714
B,2024,20,return_20d_mean_pct,162,0.09985731644840741
B,2024,20,return_20d_median_pct,162,0.0037442083320984357
B,2024,20,positive_1d_pct,162,-0.041182144901120356
B,2024,20,positive_5d_pct,162,-0.028127489646310098
B,2024,20,positive_20d_pct,162,-0.00067461051123285311
B,2024,20,close_above_ma20_pct,162,-0.00677996720105208
B,2024,20,ma5_above_ma20_pct,162,-0.0036256709926082184
B,2024,20,cross_sectional_volatility_1d_pct,162,0.10864978456336151
B,2024,20,volume_above_ma20_pct,162,-0.055003298956648489
B,2024,20,volume_ma5_above_ma20_pct,162,-0.0075901006912330567
B,2025,5,return_1d_mean_pct,233,0.12405084186200066
B,2025,5,return_1d_median_pct,233,0.087694235679209004
B,2025,5,return_5d_mean_pct,233,0.14991101345992569
B,2025,5,return_5d_median_pct,233,0.10625732858232488
B,2025,5,return_20d_mean_pct,233,0.017678722540347521
B,2025,5,return_20d_median_pct,233,0.0084375936825248649
B,2025,5,positive_1d_pct,233,0.10109523354394641
B,2025,5,positive_5d_pct,233,0.10912999488186077
B,2025,5,positive_20d_pct,233,0.013441935775408221
B,2025,5,close_above_ma20_pct,233,0.033942612002278376
B,2025,5,ma5_above_ma20_pct,233,-0.03076353864905031
B,2025,5,cross_sectional_volatility_1d_pct,233,0.12110802472649444
B,2025,5,volume_above_ma20_pct,233,0.18709886895347316
B,2025,5,volume_ma5_above_ma20_pct,233,0.19603055998750135
B,2025,10,return_1d_mean_pct,228,0.028683466355903804
B,2025,10,return_1d_median_pct,228,0.0026877698918170928
B,2025,10,return_5d_mean_pct,228,0.022916398782192968
B,2025,10,return_5d_median_pct,228,-0.00018933315243748716
B,2025,10,return_20d_mean_pct,228,-0.10321896733446259
B,2025,10,return_20d_median_pct,228,-0.10990637627483479
B,2025,10,positive_1d_pct,228,0.005643049170270034
B,2025,10,positive_5d_pct,228,0.0061042254219886493
B,2025,10,positive_20d_pct,228,-0.10496426326838212
B,2025,10,close_above_ma20_pct,228,-0.092688572028141666
B,2025,10,ma5_above_ma20_pct,228,-0.14332263057590261
B,2025,10,cross_sectional_volatility_1d_pct,228,0.099469765925499928
B,2025,10,volume_above_ma20_pct,228,0.12776017611093879
B,2025,10,volume_ma5_above_ma20_pct,228,0.046170516994101081
B,2025,20,return_1d_mean_pct,218,0.076787734070629624
B,2025,20,return_1d_median_pct,218,0.065229881471373055
B,2025,20,return_5d_mean_pct,218,0.10211163807307597
B,2025,20,return_5d_median_pct,218,0.083767647418237071
B,2025,20,return_20d_mean_pct,218,-0.0088592544373009528
B,2025,20,return_20d_median_pct,218,-0.036316746290111189
B,2025,20,positive_1d_pct,218,0.0702058389423134
B,2025,20,positive_5d_pct,218,0.09939084989125227
B,2025,20,positive_20d_pct,218,-0.040577680596338227
B,2025,20,close_above_ma20_pct,218,0.066915856674379132
B,2025,20,ma5_above_ma20_pct,218,-0.0063283936496434153
B,2025,20,cross_sectional_volatility_1d_pct,218,0.061114782277321242
B,2025,20,volume_above_ma20_pct,218,0.23653292229114978
B,2025,20,volume_ma5_above_ma20_pct,218,0.19181289733354617
B,2026,5,return_1d_mean_pct,174,0.12848543523448844
B,2026,5,return_1d_median_pct,174,0.12566103969061265
B,2026,5,return_5d_mean_pct,174,0.1532583501808138
B,2026,5,return_5d_median_pct,174,0.15778503439212757
B,2026,5,return_20d_mean_pct,174,0.15642928329394343
B,2026,5,return_20d_median_pct,174,0.17266209174520913
B,2026,5,positive_1d_pct,174,0.12139694819203158
B,2026,5,positive_5d_pct,174,0.15927369064921451
B,2026,5,positive_20d_pct,174,0.17504985951223698
B,2026,5,close_above_ma20_pct,174,0.23216396915988635
B,2026,5,ma5_above_ma20_pct,174,0.18480752420325372
B,2026,5,cross_sectional_volatility_1d_pct,174,-0.21972037928187022
B,2026,5,volume_above_ma20_pct,174,0.12066564803167507
B,2026,5,volume_ma5_above_ma20_pct,174,0.21840267891056578
B,2026,10,return_1d_mean_pct,169,0.1616851474317538
B,2026,10,return_1d_median_pct,169,0.17183922191694975
B,2026,10,return_5d_mean_pct,169,0.14132315648152755
B,2026,10,return_5d_median_pct,169,0.17507626442365387
B,2026,10,return_20d_mean_pct,169,0.17946646114066933
B,2026,10,return_20d_median_pct,169,0.20164089304360799
B,2026,10,positive_1d_pct,169,0.17434688754342634
B,2026,10,positive_5d_pct,169,0.16410214336021919
B,2026,10,positive_20d_pct,169,0.20503286792190778
B,2026,10,close_above_ma20_pct,169,0.24906549317703755
B,2026,10,ma5_above_ma20_pct,169,0.19410329643169108
B,2026,10,cross_sectional_volatility_1d_pct,169,-0.24111680175028596
B,2026,10,volume_above_ma20_pct,169,0.20687649056398508
B,2026,10,volume_ma5_above_ma20_pct,169,0.25429959089577248
B,2026,20,return_1d_mean_pct,159,0.13592966324337233
B,2026,20,return_1d_median_pct,159,0.15645760423458221
B,2026,20,return_5d_mean_pct,159,0.11676319560544543
B,2026,20,return_5d_median_pct,159,0.17084478996012953
B,2026,20,return_20d_mean_pct,159,0.045796513016479579
B,2026,20,return_20d_median_pct,159,0.072674349176021016
B,2026,20,positive_1d_pct,159,0.15589554817865414
B,2026,20,positive_5d_pct,159,0.14864207261253432
B,2026,20,positive_20d_pct,159,0.075550165138240935
B,2026,20,close_above_ma20_pct,159,0.16302963809295506
B,2026,20,ma5_above_ma20_pct,159,0.10053551770450737
B,2026,20,cross_sectional_volatility_1d_pct,159,-0.32876462861237166
B,2026,20,volume_above_ma20_pct,159,0.10158571882887338
B,2026,20,volume_ma5_above_ma20_pct,159,0.058666925405402408
C,ALL,5,return_1d_mean_pct,591,0.065865153202759666
C,ALL,5,return_1d_median_pct,591,0.05410323955110144
C,ALL,5,return_5d_mean_pct,591,0.076973603130791463
C,ALL,5,return_5d_median_pct,591,0.059454156881825808
C,ALL,5,return_20d_mean_pct,591,0.10365468281668919
C,ALL,5,return_20d_median_pct,591,0.07722360367176806
C,ALL,5,positive_1d_pct,591,0.059020982968311188
C,ALL,5,positive_5d_pct,591,0.059376745341940498
C,ALL,5,positive_20d_pct,591,0.076685304242786467
C,ALL,5,close_above_ma20_pct,591,0.075278490355101063
C,ALL,5,ma5_above_ma20_pct,591,0.02922893147824205
C,ALL,5,cross_sectional_volatility_1d_pct,591,0.082702632943534596
C,ALL,5,volume_above_ma20_pct,591,0.1560804111316301
C,ALL,5,volume_ma5_above_ma20_pct,591,0.18668114596407306
C,ALL,10,return_1d_mean_pct,576,0.099991460075854632
C,ALL,10,return_1d_median_pct,576,0.086918314465021768
C,ALL,10,return_5d_mean_pct,576,0.091997588727300142
C,ALL,10,return_5d_median_pct,576,0.068528011339210451
C,ALL,10,return_20d_mean_pct,576,0.16776373295154851
C,ALL,10,return_20d_median_pct,576,0.14200352494793672
C,ALL,10,positive_1d_pct,576,0.084622166321986408
C,ALL,10,positive_5d_pct,576,0.069867171192069283
C,ALL,10,positive_20d_pct,576,0.13991464404056411
C,ALL,10,close_above_ma20_pct,576,0.12286222164760567
C,ALL,10,ma5_above_ma20_pct,576,0.080564523178129469
C,ALL,10,cross_sectional_volatility_1d_pct,576,0.10091860698766737
C,ALL,10,volume_above_ma20_pct,576,0.2148074616861963
C,ALL,10,volume_ma5_above_ma20_pct,576,0.20103508321690725
C,ALL,20,return_1d_mean_pct,547,0.054468550171722079
C,ALL,20,return_1d_median_pct,547,0.055799285460077945
C,ALL,20,return_5d_mean_pct,547,0.073388920424509368
C,ALL,20,return_5d_median_pct,547,0.062996912568535776
C,ALL,20,return_20d_mean_pct,547,0.14427470606496209
C,ALL,20,return_20d_median_pct,547,0.11532463986459901
C,ALL,20,positive_1d_pct,547,0.049718441225401908
C,ALL,20,positive_5d_pct,547,0.063679093369401821
C,ALL,20,positive_20d_pct,547,0.11585825745092548
C,ALL,20,close_above_ma20_pct,547,0.13131057345375213
C,ALL,20,ma5_above_ma20_pct,547,0.10136415060171595
C,ALL,20,cross_sectional_volatility_1d_pct,547,0.049797131703749081
C,ALL,20,volume_above_ma20_pct,547,0.13932418155148696
C,ALL,20,volume_ma5_above_ma20_pct,547,0.07812757363749985
C,2024,5,return_1d_mean_pct,177,0.082053634805491604
C,2024,5,return_1d_median_pct,177,0.093527952129330225
C,2024,5,return_5d_mean_pct,177,0.014285157805439657
C,2024,5,return_5d_median_pct,177,0.020109104664764652
C,2024,5,return_20d_mean_pct,177,-0.092504025207319818
C,2024,5,return_20d_median_pct,177,-0.14183878395457145
C,2024,5,positive_1d_pct,177,0.090105277737169434
C,2024,5,positive_5d_pct,177,0.0051299835691270912
C,2024,5,positive_20d_pct,177,-0.16317966957625049
C,2024,5,close_above_ma20_pct,177,-0.16769046488137668
C,2024,5,ma5_above_ma20_pct,177,-0.22617722754522263
C,2024,5,cross_sectional_volatility_1d_pct,177,0.079621197693945753
C,2024,5,volume_above_ma20_pct,177,0.12329414870940397
C,2024,5,volume_ma5_above_ma20_pct,177,0.18038800263239965
C,2024,10,return_1d_mean_pct,172,-0.026038681863955495
C,2024,10,return_1d_median_pct,172,-0.023551305957098079
C,2024,10,return_5d_mean_pct,172,-0.096530141053669249
C,2024,10,return_5d_median_pct,172,-0.12109852442679256
C,2024,10,return_20d_mean_pct,172,-0.019536676076533581
C,2024,10,return_20d_median_pct,172,-0.091209674946877858
C,2024,10,positive_1d_pct,172,-0.021048423756097612
C,2024,10,positive_5d_pct,172,-0.11797729954047988
C,2024,10,positive_20d_pct,172,-0.1182252765795978
C,2024,10,close_above_ma20_pct,172,-0.20149214131956653
C,2024,10,ma5_above_ma20_pct,172,-0.16195985229601639
C,2024,10,cross_sectional_volatility_1d_pct,172,0.14746841562839752
C,2024,10,volume_above_ma20_pct,172,0.15749102049366154
C,2024,10,volume_ma5_above_ma20_pct,172,0.22485286644422725
C,2024,20,return_1d_mean_pct,163,-0.15406420935374998
C,2024,20,return_1d_median_pct,163,-0.15879632251920173
C,2024,20,return_5d_mean_pct,163,-0.082677994469106258
C,2024,20,return_5d_median_pct,163,-0.09525920807403998
C,2024,20,return_20d_mean_pct,163,0.090963251145803906
C,2024,20,return_20d_median_pct,163,0.0085928364396118395
C,2024,20,positive_1d_pct,163,-0.1684944839892106
C,2024,20,positive_5d_pct,163,-0.092645433920637899
C,2024,20,positive_20d_pct,163,-0.0066282420750297432
C,2024,20,close_above_ma20_pct,163,-0.09086664422234858
C,2024,20,ma5_above_ma20_pct,163,-0.047575272441389552
C,2024,20,cross_sectional_volatility_1d_pct,163,0.05569687598716478
C,2024,20,volume_above_ma20_pct,163,0.058784083352709432
C,2024,20,volume_ma5_above_ma20_pct,163,0.074397615821565191
C,2025,5,return_1d_mean_pct,235,0.084350005085670407
C,2025,5,return_1d_median_pct,235,0.072868621873068293
C,2025,5,return_5d_mean_pct,235,0.089159199977807982
C,2025,5,return_5d_median_pct,235,0.051080947941448629
C,2025,5,return_20d_mean_pct,235,-0.023947035054139271
C,2025,5,return_20d_median_pct,235,-0.059145422434279254
C,2025,5,positive_1d_pct,235,0.077722115281803256
C,2025,5,positive_5d_pct,235,0.059573570960629853
C,2025,5,positive_20d_pct,235,-0.044281034797742827
C,2025,5,close_above_ma20_pct,235,-0.019738946948074203
C,2025,5,ma5_above_ma20_pct,235,-0.07072800187180403
C,2025,5,cross_sectional_volatility_1d_pct,235,0.0090654387084246439
C,2025,5,volume_above_ma20_pct,235,0.15466064522068459
C,2025,5,volume_ma5_above_ma20_pct,235,0.10576958418824067
C,2025,10,return_1d_mean_pct,230,0.070138746766808271
C,2025,10,return_1d_median_pct,230,0.045093800409172248
C,2025,10,return_5d_mean_pct,230,0.038977805941922135
C,2025,10,return_5d_median_pct,230,9.7149883777673712e-05
C,2025,10,return_20d_mean_pct,230,-0.022654656905653672
C,2025,10,return_20d_median_pct,230,-0.054130225195347652
C,2025,10,positive_1d_pct,230,0.046614259898091481
C,2025,10,positive_5d_pct,230,0.012140779586093553
C,2025,10,positive_20d_pct,230,-0.048899047731915744
C,2025,10,close_above_ma20_pct,230,-0.046888060728636646
C,2025,10,ma5_above_ma20_pct,230,-0.093251319541050745
C,2025,10,cross_sectional_volatility_1d_pct,230,0.036981548923831056
C,2025,10,volume_above_ma20_pct,230,0.18313430307564532
C,2025,10,volume_ma5_above_ma20_pct,230,0.058699299854442916
C,2025,20,return_1d_mean_pct,220,0.081951730783318202
C,2025,20,return_1d_median_pct,220,0.08069834169319845
C,2025,20,return_5d_mean_pct,220,0.085427384863323616
C,2025,20,return_5d_median_pct,220,0.071463367424020069
C,2025,20,return_20d_mean_pct,220,0.0076568073344866249
C,2025,20,return_20d_median_pct,220,0.004837064627556167
C,2025,20,positive_1d_pct,220,0.080971404405535172
C,2025,20,positive_5d_pct,220,0.085413909048045564
C,2025,20,positive_20d_pct,220,-0.0031877157146002412
C,2025,20,close_above_ma20_pct,220,0.089673744606804703
C,2025,20,ma5_above_ma20_pct,220,0.042399404043014212
C,2025,20,cross_sectional_volatility_1d_pct,220,-0.040437725046911191
C,2025,20,volume_above_ma20_pct,220,0.18993697543570948
C,2025,20,volume_ma5_above_ma20_pct,220,0.095205304999192664
C,2026,5,return_1d_mean_pct,179,0.0091059360157345216
C,2026,5,return_1d_median_pct,179,0.013192336100160906
C,2026,5,return_5d_mean_pct,179,0.014033435858807774
C,2026,5,return_5d_median_pct,179,0.02962992411013142
C,2026,5,return_20d_mean_pct,179,0.029665432176260116
C,2026,5,return_20d_median_pct,179,0.048760278701901957
C,2026,5,positive_1d_pct,179,0.012695433567243666
C,2026,5,positive_5d_pct,179,0.030829893143191255
C,2026,5,positive_20d_pct,179,0.065851198723447316
C,2026,5,close_above_ma20_pct,179,0.11720913883033739
C,2026,5,ma5_above_ma20_pct,179,0.088247925284075324
C,2026,5,cross_sectional_volatility_1d_pct,179,-0.18741656727972716
C,2026,5,volume_above_ma20_pct,179,0.13329622872181127
C,2026,5,volume_ma5_above_ma20_pct,179,0.2200860278325748
C,2026,10,return_1d_mean_pct,174,0.10177396850707593
C,2026,10,return_1d_median_pct,174,0.11818244980229373
C,2026,10,return_5d_mean_pct,174,0.12522338335374011
C,2026,10,return_5d_median_pct,174,0.1580059979069515
C,2026,10,return_20d_mean_pct,174,0.12793416669039551
C,2026,10,return_20d_median_pct,174,0.14765454597226571
C,2026,10,positive_1d_pct,174,0.12261111130221525
C,2026,10,positive_5d_pct,174,0.1490945621338465
C,2026,10,positive_20d_pct,174,0.16211087661143139
C,2026,10,close_above_ma20_pct,174,0.21497761029838611
C,2026,10,ma5_above_ma20_pct,174,0.17363057289200579
C,2026,10,cross_sectional_volatility_1d_pct,174,-0.20979298954981634
C,2026,10,volume_above_ma20_pct,174,0.214066174131499
C,2026,10,volume_ma5_above_ma20_pct,174,0.25682297981875446
C,2026,20,return_1d_mean_pct,164,0.042449634758478086
C,2026,20,return_1d_median_pct,164,0.07651441004613882
C,2026,20,return_5d_mean_pct,164,0.0021220736468379737
C,2026,20,return_5d_median_pct,164,0.051046892514145667
C,2026,20,return_20d_mean_pct,164,0.0072613007223212211
C,2026,20,return_20d_median_pct,164,0.018981676710241726
C,2026,20,positive_1d_pct,164,0.073405103343914951
C,2026,20,positive_5d_pct,164,0.036804474867098154
C,2026,20,positive_20d_pct,164,0.032595927891265856
C,2026,20,close_above_ma20_pct,164,0.072327786209288314
C,2026,20,ma5_above_ma20_pct,164,0.058416114324122755
C,2026,20,cross_sectional_volatility_1d_pct,164,-0.32477248921959379
C,2026,20,volume_above_ma20_pct,164,0.053182647352533037
C,2026,20,volume_ma5_above_ma20_pct,164,-0.0026335621376861371
