strategy,dimension,regime,horizon,scenario,events,signal_dates,mean_return_pct,date_weighted_mean_return_pct,largest_date_event_share,top5_dates_event_share
A,direction,BEAR,5,BASE,941,195,0.03378252341923229,0.45495546962372929,0.01487778958554729,0.070138150903294366
A,direction,BEAR,5,REMOVE_BEST_5_DATES,925,190,-0.51745932758280344,-0.47625563045968239,0.01487778958554729,0.070138150903294366
A,direction,BEAR,5,REMOVE_BUSIEST_5_DATES,875,190,0.31115491405638224,0.56004900413804626,0.01487778958554729,0.070138150903294366
A,direction,BEAR,5,FIRST_CALENDAR_HALF,710,127,-0.45547657487826571,-0.046536676598455735,0.01487778958554729,0.070138150903294366
A,direction,BEAR,5,SECOND_CALENDAR_HALF,231,68,1.5375658991388144,1.391565801538692,0.01487778958554729,0.070138150903294366
A,direction,BEAR,5,WITHOUT_2024,325,91,0.83436229838755616,0.81045706024075481,0.01487778958554729,0.070138150903294366
A,direction,BEAR,5,WITHOUT_2025,782,157,0.052963685535200901,0.58135187392895571,0.01487778958554729,0.070138150903294366
A,direction,BEAR,5,WITHOUT_2026,775,142,-0.32129889030901604,0.087385890595068072,0.01487778958554729,0.070138150903294366
A,direction,BEAR,10,BASE,933,194,0.18843097038492279,0.430497948091766,0.015005359056806002,0.070739549839228297
A,direction,BEAR,10,REMOVE_BEST_5_DATES,916,189,-0.30202642021488119,-0.26535621189360231,0.015005359056806002,0.070739549839228297
A,direction,BEAR,10,REMOVE_BUSIEST_5_DATES,867,189,0.4368105026379413,0.52076021618362234,0.015005359056806002,0.070739549839228297
A,direction,BEAR,10,FIRST_CALENDAR_HALF,702,126,-0.67676776003014627,-0.17969189704416308,0.015005359056806002,0.070739549839228297
A,direction,BEAR,10,SECOND_CALENDAR_HALF,231,68,2.8177362030748729,1.5611438376083402,0.015005359056806002,0.070739549839228297
A,direction,BEAR,10,WITHOUT_2024,325,91,1.661549049077204,0.94162658448176506,0.015005359056806002,0.070739549839228297
A,direction,BEAR,10,WITHOUT_2025,774,156,0.087842113446439649,0.49016515930257626,0.015005359056806002,0.070739549839228297
A,direction,BEAR,10,WITHOUT_2026,767,141,-0.33426472753503206,0.03460581433023157,0.015005359056806002,0.070739549839228297
A,direction,BEAR,20,BASE,902,187,2.2142337138709833,2.4648168864161697,0.015521064301552107,0.073170731707317069
A,direction,BEAR,20,REMOVE_BEST_5_DATES,893,182,1.7586525124085823,1.2445266035019924,0.015521064301552107,0.073170731707317069
A,direction,BEAR,20,REMOVE_BUSIEST_5_DATES,836,182,2.4306338094434996,2.5536777052425452,0.015521064301552107,0.073170731707317069
A,direction,BEAR,20,FIRST_CALENDAR_HALF,671,119,0.66014519623552892,1.2192986845781164,0.015521064301552107,0.073170731707317069
A,direction,BEAR,20,SECOND_CALENDAR_HALF,231,68,6.7284908365263503,4.6444737396327627,0.015521064301552107,0.073170731707317069
A,direction,BEAR,20,WITHOUT_2024,325,91,5.7601423523345927,4.5883682043738743,0.015521064301552107,0.073170731707317069
A,direction,BEAR,20,WITHOUT_2025,743,149,1.7117313601838249,2.0213606858700985,0.015521064301552107,0.073170731707317069
A,direction,BEAR,20,WITHOUT_2026,736,134,1.1557268406221866,1.5158004979625406,0.015521064301552107,0.073170731707317069
A,direction,BULL,5,BASE,2379,182,1.7204042054392945,1.3423827612613601,0.015132408575031526,0.062631357713324926
A,direction,BULL,5,REMOVE_BEST_5_DATES,2325,177,1.4067953413726653,0.95852950826524141,0.015132408575031526,0.062631357713324926
A,direction,BULL,5,REMOVE_BUSIEST_5_DATES,2230,177,1.5356176099655618,1.2624219928099685,0.015132408575031526,0.062631357713324926
A,direction,BULL,5,FIRST_CALENDAR_HALF,772,62,0.63924211463888003,0.65577410983583906,0.015132408575031526,0.062631357713324926
A,direction,BULL,5,SECOND_CALENDAR_HALF,1607,120,2.2397925900677453,1.6971305644978794,0.015132408575031526,0.062631357713324926
A,direction,BULL,5,WITHOUT_2024,2175,166,1.8796110598769575,1.4598621419219175,0.015132408575031526,0.062631357713324926
A,direction,BULL,5,WITHOUT_2025,1011,80,2.2222693107547511,1.5871958083209603,0.015132408575031526,0.062631357713324926
A,direction,BULL,5,WITHOUT_2026,1572,118,1.177363155899954,1.011140210800169,0.015132408575031526,0.062631357713324926
A,direction,BULL,10,BASE,2319,177,2.5467722974544866,2.6882824118208632,0.015523932729624839,0.064251832686502808
A,direction,BULL,10,REMOVE_BEST_5_DATES,2273,172,2.1048346404134866,1.9664474000698626,0.015523932729624839,0.064251832686502808
A,direction,BULL,10,REMOVE_BUSIEST_5_DATES,2170,172,2.3491329927811004,2.612385973751465,0.015523932729624839,0.064251832686502808
A,direction,BULL,10,FIRST_CALENDAR_HALF,772,62,1.3989846265902168,1.7027447739704853,0.015523932729624839,0.064251832686502808
A,direction,BULL,10,SECOND_CALENDAR_HALF,1547,115,3.1195532165929585,3.2196157470097635,0.015523932729624839,0.064251832686502808
A,direction,BULL,10,WITHOUT_2024,2115,161,2.7415037544418661,2.8957262420804071,0.015523932729624839,0.064251832686502808
A,direction,BULL,10,WITHOUT_2025,1004,79,2.9149098088214549,3.3929362240341434,0.015523932729624839,0.064251832686502808
A,direction,BULL,10,WITHOUT_2026,1519,114,2.0323107484480727,1.9070007641310776,0.015523932729624839,0.064251832686502808
A,direction,BULL,20,BASE,2291,175,4.960655468383786,4.8095512584427196,0.015713662156263641,0.065037101702313402
A,direction,BULL,20,REMOVE_BEST_5_DATES,2229,170,4.1820890823802817,3.7376991714370065,0.015713662156263641,0.065037101702313402
A,direction,BULL,20,REMOVE_BUSIEST_5_DATES,2142,170,4.6683491784011144,4.6899570490187097,0.015713662156263641,0.065037101702313402
A,direction,BULL,20,FIRST_CALENDAR_HALF,771,62,5.1224247465959234,5.1731217708941859,0.015713662156263641,0.065037101702313402
A,direction,BULL,20,SECOND_CALENDAR_HALF,1520,113,4.8786001305538127,4.6100700923189057,0.015713662156263641,0.065037101702313402
A,direction,BULL,20,WITHOUT_2024,2088,159,5.3875749308728977,5.2020892708811886,0.015713662156263641,0.065037101702313402
A,direction,BULL,20,WITHOUT_2025,991,78,3.9467364635295881,4.0089036489869772,0.015713662156263641,0.065037101702313402
A,direction,BULL,20,WITHOUT_2026,1503,113,5.0360951863699741,4.8098784226890148,0.015713662156263641,0.065037101702313402
A,direction,NEUTRAL,5,BASE,1864,204,1.4844897710650182,1.3656841629704355,0.016094420600858368,0.07027896995708155
A,direction,NEUTRAL,5,REMOVE_BEST_5_DATES,1833,199,1.082122633570505,0.81890876449960515,0.016094420600858368,0.07027896995708155
A,direction,NEUTRAL,5,REMOVE_BUSIEST_5_DATES,1733,199,1.6277749905529544,1.4116685119796126,0.016094420600858368,0.07027896995708155
A,direction,NEUTRAL,5,FIRST_CALENDAR_HALF,581,79,-0.085556521017240733,-0.1081238282313394,0.016094420600858368,0.07027896995708155
A,direction,NEUTRAL,5,SECOND_CALENDAR_HALF,1283,125,2.1954772189993847,2.2971308134099573,0.016094420600858368,0.07027896995708155
A,direction,NEUTRAL,5,WITHOUT_2024,1461,147,2.1762871859399135,2.2665512702275401,0.016094420600858368,0.07027896995708155
A,direction,NEUTRAL,5,WITHOUT_2025,890,109,1.7518043533203316,1.4007975129948949,0.016094420600858368,0.07027896995708155
A,direction,NEUTRAL,5,WITHOUT_2026,1377,152,0.57771707582939691,0.46927087402661738,0.016094420600858368,0.07027896995708155
A,direction,NEUTRAL,10,BASE,1806,195,3.0400888107754604,2.4316513256545256,0.016611295681063124,0.072535991140642297
A,direction,NEUTRAL,10,REMOVE_BEST_5_DATES,1755,190,2.4741561759529134,1.8949186160080633,0.016611295681063124,0.072535991140642297
A,direction,NEUTRAL,10,REMOVE_BUSIEST_5_DATES,1675,190,3.1797526900799467,2.4696537542368433,0.016611295681063124,0.072535991140642297
A,direction,NEUTRAL,10,FIRST_CALENDAR_HALF,562,75,-0.080935682370901638,-0.056440001706060401,0.016611295681063124,0.072535991140642297
A,direction,NEUTRAL,10,SECOND_CALENDAR_HALF,1244,120,4.4500693293833828,3.9867084052548916,0.016611295681063124,0.072535991140642297
A,direction,NEUTRAL,10,WITHOUT_2024,1422,142,4.1337848247481652,3.5936822180338299,0.016611295681063124,0.072535991140642297
A,direction,NEUTRAL,10,WITHOUT_2025,839,101,3.3788936088806358,2.3356352371724363,0.016611295681063124,0.072535991140642297
A,direction,NEUTRAL,10,WITHOUT_2026,1351,147,1.6785100117529383,1.375115531224796,0.016611295681063124,0.072535991140642297
A,direction,NEUTRAL,20,BASE,1569,174,6.1317834508686477,4.5773377900815664,0.019120458891013385,0.076481835564053538
A,direction,NEUTRAL,20,REMOVE_BEST_5_DATES,1515,169,4.9714781678111759,3.554889783069572,0.019120458891013385,0.076481835564053538
A,direction,NEUTRAL,20,REMOVE_BUSIEST_5_DATES,1449,169,5.7565615187108614,4.4031553838550632,0.019120458891013385,0.076481835564053538
A,direction,NEUTRAL,20,FIRST_CALENDAR_HALF,550,72,0.37201703378549328,-0.0099395424659159334,0.019120458891013385,0.076481835564053538
A,direction,NEUTRAL,20,SECOND_CALENDAR_HALF,1019,102,9.2405876995396365,7.8154159071739064,0.019120458891013385,0.076481835564053538
A,direction,NEUTRAL,20,WITHOUT_2024,1197,124,8.0232470182548745,6.5384673303581247,0.019120458891013385,0.076481835564053538
A,direction,NEUTRAL,20,WITHOUT_2025,724,89,7.9784118931224395,5.6158813596664183,0.019120458891013385,0.076481835564053538
A,direction,NEUTRAL,20,WITHOUT_2026,1217,135,3.172834492484871,2.0913345257308613,0.019120458891013385,0.076481835564053538
A,direction,UNKNOWN,5,BASE,0,0,,,,
A,direction,UNKNOWN,5,REMOVE_BEST_5_DATES,0,0,,,,
A,direction,UNKNOWN,5,REMOVE_BUSIEST_5_DATES,0,0,,,,
A,direction,UNKNOWN,5,FIRST_CALENDAR_HALF,0,0,,,,
A,direction,UNKNOWN,5,SECOND_CALENDAR_HALF,0,0,,,,
A,direction,UNKNOWN,5,WITHOUT_2024,0,0,,,,
A,direction,UNKNOWN,5,WITHOUT_2025,0,0,,,,
A,direction,UNKNOWN,5,WITHOUT_2026,0,0,,,,
A,direction,UNKNOWN,10,BASE,0,0,,,,
A,direction,UNKNOWN,10,REMOVE_BEST_5_DATES,0,0,,,,
A,direction,UNKNOWN,10,REMOVE_BUSIEST_5_DATES,0,0,,,,
A,direction,UNKNOWN,10,FIRST_CALENDAR_HALF,0,0,,,,
A,direction,UNKNOWN,10,SECOND_CALENDAR_HALF,0,0,,,,
A,direction,UNKNOWN,10,WITHOUT_2024,0,0,,,,
A,direction,UNKNOWN,10,WITHOUT_2025,0,0,,,,
A,direction,UNKNOWN,10,WITHOUT_2026,0,0,,,,
A,direction,UNKNOWN,20,BASE,0,0,,,,
A,direction,UNKNOWN,20,REMOVE_BEST_5_DATES,0,0,,,,
A,direction,UNKNOWN,20,REMOVE_BUSIEST_5_DATES,0,0,,,,
A,direction,UNKNOWN,20,FIRST_CALENDAR_HALF,0,0,,,,
A,direction,UNKNOWN,20,SECOND_CALENDAR_HALF,0,0,,,,
A,direction,UNKNOWN,20,WITHOUT_2024,0,0,,,,
A,direction,UNKNOWN,20,WITHOUT_2025,0,0,,,,
A,direction,UNKNOWN,20,WITHOUT_2026,0,0,,,,
A,volatility_regime,HIGH,5,BASE,3627,371,1.7619441263418414,1.6266148118390711,0.0099255583126550868,0.041632202922525501
A,volatility_regime,HIGH,5,REMOVE_BEST_5_DATES,3604,366,1.5427035582815301,1.1053346166925058,0.0099255583126550868,0.041632202922525501
A,volatility_regime,HIGH,5,REMOVE_BUSIEST_5_DATES,3476,366,1.712111673333629,1.6145527143491911,0.0099255583126550868,0.041632202922525501
A,volatility_regime,HIGH,5,FIRST_CALENDAR_HALF,1040,117,0.53467646297566818,0.92135358165687875,0.0099255583126550868,0.041632202922525501
A,volatility_regime,HIGH,5,SECOND_CALENDAR_HALF,2587,254,2.2553180613634187,1.9514792367655143,0.0099255583126550868,0.041632202922525501
A,volatility_regime,HIGH,5,WITHOUT_2024,3100,297,2.0211788363201282,1.8068020361091401,0.0099255583126550868,0.041632202922525501
A,volatility_regime,HIGH,5,WITHOUT_2025,1978,242,2.3405341976600904,1.9693033852724764,0.0099255583126550868,0.041632202922525501
A,volatility_regime,HIGH,5,WITHOUT_2026,2176,203,0.86668734233440325,0.95446584445436877,0.0099255583126550868,0.041632202922525501
A,volatility_regime,HIGH,10,BASE,3532,361,2.8413597248297382,2.5584622355347624,0.010192525481313703,0.042751981879954701
A,volatility_regime,HIGH,10,REMOVE_BEST_5_DATES,3489,356,2.5192133442169462,2.117181818457297,0.010192525481313703,0.042751981879954701
A,volatility_regime,HIGH,10,REMOVE_BUSIEST_5_DATES,3381,356,2.7681349692851027,2.5337259708800812,0.010192525481313703,0.042751981879954701
A,volatility_regime,HIGH,10,FIRST_CALENDAR_HALF,1035,116,0.78698153088547707,1.1602595650141549,0.010192525481313703,0.042751981879954701
A,volatility_regime,HIGH,10,SECOND_CALENDAR_HALF,2497,245,3.6928941384189691,3.2204683979037032,0.010192525481313703,0.042751981879954701
A,volatility_regime,HIGH,10,WITHOUT_2024,3010,288,3.339900656665193,3.0835902300504507,0.010192525481313703,0.042751981879954701
A,volatility_regime,HIGH,10,WITHOUT_2025,1943,237,3.3228960423116312,2.7199408779607452,0.010192525481313703,0.042751981879954701
A,volatility_regime,HIGH,10,WITHOUT_2026,2111,197,1.6872937515033335,1.5964962422582327,0.010192525481313703,0.042751981879954701
A,volatility_regime,HIGH,20,BASE,3269,336,5.6592062974551567,4.917934588011148,0.011012542061792597,0.045579687977974917
A,volatility_regime,HIGH,20,REMOVE_BEST_5_DATES,3254,331,5.4435840019724564,4.1512676361583525,0.011012542061792597,0.045579687977974917
A,volatility_regime,HIGH,20,REMOVE_BUSIEST_5_DATES,3120,331,5.4918870668105253,4.8581487905663154,0.011012542061792597,0.045579687977974917
A,volatility_regime,HIGH,20,FIRST_CALENDAR_HALF,998,108,3.0443949797118286,2.5426807712681891,0.011012542061792597,0.045579687977974917
A,volatility_regime,HIGH,20,SECOND_CALENDAR_HALF,2271,228,6.8082955511354033,6.0430548169946539,0.011012542061792597,0.045579687977974917
A,volatility_regime,HIGH,20,WITHOUT_2024,2784,271,6.3915193340310594,5.852502033884126,0.011012542061792597,0.045579687977974917
A,volatility_regime,HIGH,20,WITHOUT_2025,1791,219,6.369413001487513,5.1894213898910255,0.011012542061792597,0.045579687977974917
A,volatility_regime,HIGH,20,WITHOUT_2026,1963,182,3.9726348757795251,3.1996742174437287,0.011012542061792597,0.045579687977974917
A,volatility_regime,LOW,5,BASE,1545,209,0.307550541044813,0.028661275028604449,0.019417475728155338,0.07184466019417475
A,volatility_regime,LOW,5,REMOVE_BEST_5_DATES,1515,204,-0.046424427019020553,-0.37859597825371966,0.019417475728155338,0.07184466019417475
A,volatility_regime,LOW,5,REMOVE_BUSIEST_5_DATES,1434,204,0.16872924126602376,-0.020396963943654759,0.019417475728155338,0.07184466019417475
A,volatility_regime,LOW,5,FIRST_CALENDAR_HALF,1011,150,-0.45662539688896464,-0.55838374200801533,0.019417475728155338,0.07184466019417475
A,volatility_regime,LOW,5,SECOND_CALENDAR_HALF,534,59,1.7543330752228081,1.5211486064776378,0.019417475728155338,0.07184466019417475
A,volatility_regime,LOW,5,WITHOUT_2024,861,107,1.4787723441047091,1.0528181312147731,0.019417475728155338,0.07184466019417475
A,volatility_regime,LOW,5,WITHOUT_2025,693,103,-1.1664096012145193,-1.0466196907365315,0.019417475728155338,0.07184466019417475
A,volatility_regime,LOW,5,WITHOUT_2026,1536,208,0.31603518046613255,0.03428221667230151,0.019417475728155338,0.07184466019417475
A,volatility_regime,LOW,10,BASE,1514,204,1.0138540698668579,0.53815479085401641,0.019815059445178335,0.073315719947159838
A,volatility_regime,LOW,10,REMOVE_BEST_5_DATES,1468,199,0.43861895830151743,0.071436990624259067,0.019815059445178335,0.073315719947159838
A,volatility_regime,LOW,10,REMOVE_BUSIEST_5_DATES,1403,199,0.77770012307897718,0.45996617485621533,0.019815059445178335,0.073315719947159838
A,volatility_regime,LOW,10,FIRST_CALENDAR_HALF,989,146,-0.25945440780782864,-0.38370044981815249,0.019815059445178335,0.073315719947159838
A,volatility_regime,LOW,10,SECOND_CALENDAR_HALF,525,58,3.4125247068578393,2.8586869484080975,0.019815059445178335,0.073315719947159838
A,volatility_regime,LOW,10,WITHOUT_2024,852,106,2.5392311335965925,1.6427248383873592,0.019815059445178335,0.073315719947159838
A,volatility_regime,LOW,10,WITHOUT_2025,662,98,-0.94932003632307138,-0.65658424015143579,0.019815059445178335,0.073315719947159838
A,volatility_regime,LOW,10,WITHOUT_2026,1514,204,1.0138540698668579,0.53815479085401641,0.019815059445178335,0.073315719947159838
A,volatility_regime,LOW,20,BASE,1481,199,3.0344349312811922,2.2489742796874053,0.02025658338960162,0.074949358541525998
A,volatility_regime,LOW,20,REMOVE_BEST_5_DATES,1433,194,2.2164561309948834,1.6130109206016414,0.02025658338960162,0.074949358541525998
A,volatility_regime,LOW,20,REMOVE_BUSIEST_5_DATES,1370,194,2.3927719909640497,2.0485979768284306,0.02025658338960162,0.074949358541525998
A,volatility_regime,LOW,20,FIRST_CALENDAR_HALF,982,144,1.5984978435292023,1.3293598796789721,0.02025658338960162,0.074949358541525998
A,volatility_regime,LOW,20,SECOND_CALENDAR_HALF,499,55,5.8602670358352063,4.6566919815276666,0.02025658338960162,0.074949358541525998
A,volatility_regime,LOW,20,WITHOUT_2024,826,103,5.9699026332687257,4.5574329946596217,0.02025658338960162,0.074949358541525998
A,volatility_regime,LOW,20,WITHOUT_2025,655,96,-0.66739151427866095,-0.22780954991820168,0.02025658338960162,0.074949358541525998
A,volatility_regime,LOW,20,WITHOUT_2026,1481,199,3.0344349312811922,2.2489742796874053,0.02025658338960162,0.074949358541525998
A,volatility_regime,UNKNOWN,5,BASE,12,1,2.1652466988898587,2.1652466988898591,1,1
A,volatility_regime,UNKNOWN,5,REMOVE_BEST_5_DATES,0,0,,,1,1
A,volatility_regime,UNKNOWN,5,REMOVE_BUSIEST_5_DATES,0,0,,,1,1
A,volatility_regime,UNKNOWN,5,FIRST_CALENDAR_HALF,12,1,2.1652466988898587,2.1652466988898591,1,1
A,volatility_regime,UNKNOWN,5,SECOND_CALENDAR_HALF,0,0,,,1,1
A,volatility_regime,UNKNOWN,5,WITHOUT_2024,0,0,,,1,1
A,volatility_regime,UNKNOWN,5,WITHOUT_2025,12,1,2.1652466988898587,2.1652466988898591,1,1
A,volatility_regime,UNKNOWN,5,WITHOUT_2026,12,1,2.1652466988898587,2.1652466988898591,1,1
A,volatility_regime,UNKNOWN,10,BASE,12,1,0.12615296245930283,0.12615296245930305,1,1
A,volatility_regime,UNKNOWN,10,REMOVE_BEST_5_DATES,0,0,,,1,1
A,volatility_regime,UNKNOWN,10,REMOVE_BUSIEST_5_DATES,0,0,,,1,1
A,volatility_regime,UNKNOWN,10,FIRST_CALENDAR_HALF,12,1,0.12615296245930283,0.12615296245930305,1,1
A,volatility_regime,UNKNOWN,10,SECOND_CALENDAR_HALF,0,0,,,1,1
A,volatility_regime,UNKNOWN,10,WITHOUT_2024,0,0,,,1,1
A,volatility_regime,UNKNOWN,10,WITHOUT_2025,12,1,0.12615296245930283,0.12615296245930305,1,1
A,volatility_regime,UNKNOWN,10,WITHOUT_2026,12,1,0.12615296245930283,0.12615296245930305,1,1
A,volatility_regime,UNKNOWN,20,BASE,12,1,-0.92289976804696361,-0.9228997680469635,1,1
A,volatility_regime,UNKNOWN,20,REMOVE_BEST_5_DATES,0,0,,,1,1
A,volatility_regime,UNKNOWN,20,REMOVE_BUSIEST_5_DATES,0,0,,,1,1
A,volatility_regime,UNKNOWN,20,FIRST_CALENDAR_HALF,12,1,-0.92289976804696361,-0.9228997680469635,1,1
A,volatility_regime,UNKNOWN,20,SECOND_CALENDAR_HALF,0,0,,,1,1
A,volatility_regime,UNKNOWN,20,WITHOUT_2024,0,0,,,1,1
A,volatility_regime,UNKNOWN,20,WITHOUT_2025,12,1,-0.92289976804696361,-0.9228997680469635,1,1
A,volatility_regime,UNKNOWN,20,WITHOUT_2026,12,1,-0.92289976804696361,-0.9228997680469635,1,1
B,direction,BEAR,5,BASE,2504,200,-0.63460691131965263,-0.70839612669849583,0.02915335463258786,0.10902555910543131
B,direction,BEAR,5,REMOVE_BEST_5_DATES,2465,195,-0.87330111546704092,-1.1077513449306144,0.02915335463258786,0.10902555910543131
B,direction,BEAR,5,REMOVE_BUSIEST_5_DATES,2231,195,-0.98658382932909594,-0.77986723796192847,0.02915335463258786,0.10902555910543131
B,direction,BEAR,5,FIRST_CALENDAR_HALF,1722,126,0.24627000259294704,-0.11106500162765108,0.02915335463258786,0.10902555910543131
B,direction,BEAR,5,SECOND_CALENDAR_HALF,782,74,-2.5743384276335868,-1.7254734477650697,0.02915335463258786,0.10902555910543131
B,direction,BEAR,5,WITHOUT_2024,1196,97,-1.4022217243425175,-1.3084503608788316,0.02915335463258786,0.10902555910543131
B,direction,BEAR,5,WITHOUT_2025,1896,161,-1.0203218515532948,-0.87515903308199594,0.02915335463258786,0.10902555910543131
B,direction,BEAR,5,WITHOUT_2026,1916,142,0.22624008401350565,-0.10942367146443986,0.02915335463258786,0.10902555910543131
B,direction,BEAR,10,BASE,2498,199,-0.6112117600250051,-0.93339532185391094,0.02922337870296237,0.10928742994395517
B,direction,BEAR,10,REMOVE_BEST_5_DATES,2473,194,-0.82850119594228244,-1.4856884932076035,0.02922337870296237,0.10928742994395517
B,direction,BEAR,10,REMOVE_BUSIEST_5_DATES,2225,194,-1.301286097538306,-1.0727195451527387,0.02922337870296237,0.10928742994395517
B,direction,BEAR,10,FIRST_CALENDAR_HALF,1716,125,0.054565997302336175,-0.15606982713194265,0.02922337870296237,0.10928742994395517
B,direction,BEAR,10,SECOND_CALENDAR_HALF,782,74,-2.0721767620374307,-2.2464451440193978,0.02922337870296237,0.10928742994395517
B,direction,BEAR,10,WITHOUT_2024,1196,97,-0.37610086092620115,-1.2716043403341646,0.02922337870296237,0.10928742994395517
B,direction,BEAR,10,WITHOUT_2025,1890,160,-1.6818249921188222,-1.6546450403042559,0.02922337870296237,0.10928742994395517
B,direction,BEAR,10,WITHOUT_2026,1910,141,0.30096958727088186,0.11771269051942092,0.02922337870296237,0.10928742994395517
B,direction,BEAR,20,BASE,2466,193,0.2370111454377927,-0.10707923253458258,0.029602595296025953,0.11070559610705596
B,direction,BEAR,20,REMOVE_BEST_5_DATES,2436,188,-0.097054302548332347,-0.84656149938726299,0.029602595296025953,0.11070559610705596
B,direction,BEAR,20,REMOVE_BUSIEST_5_DATES,2193,188,-0.74574727314856959,-0.29644872024773883,0.029602595296025953,0.11070559610705596
B,direction,BEAR,20,FIRST_CALENDAR_HALF,1687,119,0.712903458557962,0.45653617362609505,0.029602595296025953,0.11070559610705596
B,direction,BEAR,20,SECOND_CALENDAR_HALF,779,74,-0.79357978169150911,-1.0134337370362128,0.029602595296025953,0.11070559610705596
B,direction,BEAR,20,WITHOUT_2024,1192,97,1.8814516810085469,0.67195065416942024,0.029602595296025953,0.11070559610705596
B,direction,BEAR,20,WITHOUT_2025,1860,154,-1.7359514065652801,-1.4242929222881373,0.029602595296025953,0.11070559610705596
B,direction,BEAR,20,WITHOUT_2026,1880,135,1.1463394583768227,0.83577268755252232,0.029602595296025953,0.11070559610705596
B,direction,BULL,5,BASE,2012,179,1.669494477233443,1.1683883895300806,0.026838966202783299,0.098906560636182903
B,direction,BULL,5,REMOVE_BEST_5_DATES,1990,174,1.4792248954879761,0.69916534528082142,0.026838966202783299,0.098906560636182903
B,direction,BULL,5,REMOVE_BUSIEST_5_DATES,1813,174,1.2760632373537428,1.0491363181224169,0.026838966202783299,0.098906560636182903
B,direction,BULL,5,FIRST_CALENDAR_HALF,587,60,0.69457605423860735,0.73615397580977371,0.026838966202783299,0.098906560636182903
B,direction,BULL,5,SECOND_CALENDAR_HALF,1425,119,2.0710924521793856,1.3863217073722522,0.026838966202783299,0.098906560636182903
B,direction,BULL,5,WITHOUT_2024,1878,163,1.7218412776480989,1.2021675456880883,0.026838966202783299,0.098906560636182903
B,direction,BULL,5,WITHOUT_2025,835,79,2.3118986434515101,1.5481738078905105,0.026838966202783299,0.098906560636182903
B,direction,BULL,5,WITHOUT_2026,1311,116,1.1853489623815667,0.8622758851832768,0.026838966202783299,0.098906560636182903
B,direction,BULL,10,BASE,1953,174,2.2191627983146396,1.2770693181467907,0.027649769585253458,0.10189452124935997
B,direction,BULL,10,REMOVE_BEST_5_DATES,1906,169,1.6826690194774978,0.62986933366518227,0.027649769585253458,0.10189452124935997
B,direction,BULL,10,REMOVE_BUSIEST_5_DATES,1754,169,1.6555489871633671,1.0978773061390703,0.027649769585253458,0.10189452124935997
B,direction,BULL,10,FIRST_CALENDAR_HALF,587,60,1.1680712184256186,1.1878110256211001,0.027649769585253458,0.10189452124935997
B,direction,BULL,10,SECOND_CALENDAR_HALF,1366,114,2.6708397803020891,1.3240473668445225,0.027649769585253458,0.10189452124935997
B,direction,BULL,10,WITHOUT_2024,1819,158,2.3558636872402028,1.385880316866192,0.027649769585253458,0.10189452124935997
B,direction,BULL,10,WITHOUT_2025,819,78,2.4700092917604048,1.0001849116680075,0.027649769585253458,0.10189452124935997
B,direction,BULL,10,WITHOUT_2026,1268,112,1.861038038781768,1.3163982994653598,0.027649769585253458,0.10189452124935997
B,direction,BULL,20,BASE,1916,172,4.0724018715515191,2.6873362830138716,0.028183716075156576,0.10386221294363257
B,direction,BULL,20,REMOVE_BEST_5_DATES,1860,167,3.3995416575628754,1.9752030014829911,0.028183716075156576,0.10386221294363257
B,direction,BULL,20,REMOVE_BUSIEST_5_DATES,1717,167,3.2580815436648467,2.4271737822134534,0.028183716075156576,0.10386221294363257
B,direction,BULL,20,FIRST_CALENDAR_HALF,587,60,2.861946950173873,3.0196633403420905,0.028183716075156576,0.10386221294363257
B,direction,BULL,20,SECOND_CALENDAR_HALF,1329,112,4.6070422318590269,2.5093039308737537,0.028183716075156576,0.10386221294363257
B,direction,BULL,20,WITHOUT_2024,1782,156,4.3155461490048674,2.8738490351412267,0.028183716075156576,0.10386221294363257
B,direction,BULL,20,WITHOUT_2025,802,77,3.8409547178669445,0.85773538879637456,0.028183716075156576,0.10386221294363257
B,direction,BULL,20,WITHOUT_2026,1248,111,3.8739543674114238,3.6943928552920697,0.028183716075156576,0.10386221294363257
B,direction,NEUTRAL,5,BASE,3217,204,1.7916604985931435,1.4393158532800845,0.018029219769972023,0.070873484612993476
B,direction,NEUTRAL,5,REMOVE_BEST_5_DATES,3150,199,1.5513359931376116,1.1425923192268066,0.018029219769972023,0.070873484612993476
B,direction,NEUTRAL,5,REMOVE_BUSIEST_5_DATES,2989,199,1.792237693512607,1.443123038338687,0.018029219769972023,0.070873484612993476
B,direction,NEUTRAL,5,FIRST_CALENDAR_HALF,1033,79,0.43106250077918046,0.14676136567050335,0.018029219769972023,0.070873484612993476
B,direction,NEUTRAL,5,SECOND_CALENDAR_HALF,2184,125,2.4352034160573486,2.2562102894493394,0.018029219769972023,0.070873484612993476
B,direction,NEUTRAL,5,WITHOUT_2024,2498,147,2.3458260612433732,2.1479627139812734,0.018029219769972023,0.070873484612993476
B,direction,NEUTRAL,5,WITHOUT_2025,1669,110,2.1067666910451699,1.4653799803690557,0.018029219769972023,0.070873484612993476
B,direction,NEUTRAL,5,WITHOUT_2026,2267,151,0.94904126140624123,0.73045398240020643,0.018029219769972023,0.070873484612993476
B,direction,NEUTRAL,10,BASE,3108,195,3.7091214230420935,3.0686756949182317,0.018661518661518661,0.073037323037323035
B,direction,NEUTRAL,10,REMOVE_BEST_5_DATES,3037,190,3.3015371036670174,2.5218183686691522,0.018661518661518661,0.073037323037323035
B,direction,NEUTRAL,10,REMOVE_BUSIEST_5_DATES,2881,190,3.7613713145518544,3.0959462196024226,0.018661518661518661,0.073037323037323035
B,direction,NEUTRAL,10,FIRST_CALENDAR_HALF,982,75,0.63329307948286151,0.49151207366170524,0.018661518661518661,0.073037323037323035
B,direction,NEUTRAL,10,SECOND_CALENDAR_HALF,2126,120,5.1298474029927839,4.6794029582035614,0.018661518661518661,0.073037323037323035
B,direction,NEUTRAL,10,WITHOUT_2024,2440,142,4.6299381610180435,4.1853307636213488,0.018661518661518661,0.073037323037323035
B,direction,NEUTRAL,10,WITHOUT_2025,1565,102,4.2882563012558332,3.0627986777137801,0.018661518661518661,0.073037323037323035
B,direction,NEUTRAL,10,WITHOUT_2026,2211,146,2.2830070290729312,1.9867197771032425,0.018661518661518661,0.073037323037323035
B,direction,NEUTRAL,20,BASE,2705,174,6.4034740211648957,4.0641529042863391,0.02144177449168207,0.082070240295748609
B,direction,NEUTRAL,20,REMOVE_BEST_5_DATES,2586,169,5.3563291949475698,3.3100406681996564,0.02144177449168207,0.082070240295748609
B,direction,NEUTRAL,20,REMOVE_BUSIEST_5_DATES,2483,169,5.4889443290157889,3.7193107364964186,0.02144177449168207,0.082070240295748609
B,direction,NEUTRAL,20,FIRST_CALENDAR_HALF,881,72,-1.4540764390747543,-1.5463947168803851,0.02144177449168207,0.082070240295748609
B,direction,NEUTRAL,20,SECOND_CALENDAR_HALF,1824,102,10.198705356401261,8.024539460404025,0.02144177449168207,0.082070240295748609
B,direction,NEUTRAL,20,WITHOUT_2024,2137,124,8.2957022502191968,6.0578592625148469,0.02144177449168207,0.082070240295748609
B,direction,NEUTRAL,20,WITHOUT_2025,1334,90,8.1090155135821576,4.1772198770476017,0.02144177449168207,0.082070240295748609
B,direction,NEUTRAL,20,WITHOUT_2026,1939,134,3.1446374681098814,2.1432900985486611,0.02144177449168207,0.082070240295748609
B,direction,UNKNOWN,5,BASE,0,0,,,,
B,direction,UNKNOWN,5,REMOVE_BEST_5_DATES,0,0,,,,
B,direction,UNKNOWN,5,REMOVE_BUSIEST_5_DATES,0,0,,,,
B,direction,UNKNOWN,5,FIRST_CALENDAR_HALF,0,0,,,,
B,direction,UNKNOWN,5,SECOND_CALENDAR_HALF,0,0,,,,
B,direction,UNKNOWN,5,WITHOUT_2024,0,0,,,,
B,direction,UNKNOWN,5,WITHOUT_2025,0,0,,,,
B,direction,UNKNOWN,5,WITHOUT_2026,0,0,,,,
B,direction,UNKNOWN,10,BASE,0,0,,,,
B,direction,UNKNOWN,10,REMOVE_BEST_5_DATES,0,0,,,,
B,direction,UNKNOWN,10,REMOVE_BUSIEST_5_DATES,0,0,,,,
B,direction,UNKNOWN,10,FIRST_CALENDAR_HALF,0,0,,,,
B,direction,UNKNOWN,10,SECOND_CALENDAR_HALF,0,0,,,,
B,direction,UNKNOWN,10,WITHOUT_2024,0,0,,,,
B,direction,UNKNOWN,10,WITHOUT_2025,0,0,,,,
B,direction,UNKNOWN,10,WITHOUT_2026,0,0,,,,
B,direction,UNKNOWN,20,BASE,0,0,,,,
B,direction,UNKNOWN,20,REMOVE_BEST_5_DATES,0,0,,,,
B,direction,UNKNOWN,20,REMOVE_BUSIEST_5_DATES,0,0,,,,
B,direction,UNKNOWN,20,FIRST_CALENDAR_HALF,0,0,,,,
B,direction,UNKNOWN,20,SECOND_CALENDAR_HALF,0,0,,,,
B,direction,UNKNOWN,20,WITHOUT_2024,0,0,,,,
B,direction,UNKNOWN,20,WITHOUT_2025,0,0,,,,
B,direction,UNKNOWN,20,WITHOUT_2026,0,0,,,,
B,volatility_regime,HIGH,5,BASE,5056,376,1.2559097764907208,0.749973615951254,0.011471518987341773,0.04746835443037975
B,volatility_regime,HIGH,5,REMOVE_BEST_5_DATES,5032,371,1.1849239360220778,0.5351336938592568,0.011471518987341773,0.04746835443037975
B,volatility_regime,HIGH,5,REMOVE_BUSIEST_5_DATES,4816,371,1.1140881788956694,0.70978113515005359,0.011471518987341773,0.04746835443037975
B,volatility_regime,HIGH,5,FIRST_CALENDAR_HALF,1486,116,0.77502625919160795,0.40305941004659279,0.011471518987341773,0.04746835443037975
B,volatility_regime,HIGH,5,SECOND_CALENDAR_HALF,3570,260,1.45607585680066,0.9047507232010259,0.011471518987341773,0.04746835443037975
B,volatility_regime,HIGH,5,WITHOUT_2024,4165,302,1.4947452318870698,0.96823328693837418,0.011471518987341773,0.04746835443037975
B,volatility_regime,HIGH,5,WITHOUT_2025,3116,247,1.0931224634644841,0.59845494134489063,0.011471518987341773,0.04746835443037975
B,volatility_regime,HIGH,5,WITHOUT_2026,2831,203,1.0837075849202371,0.60963219718111372,0.011471518987341773,0.04746835443037975
B,volatility_regime,HIGH,10,BASE,4932,366,2.3300900974766243,1.1919717108088581,0.011759935117599351,0.048661800486618008
B,volatility_regime,HIGH,10,REMOVE_BEST_5_DATES,4872,361,2.0620003826225077,0.83403025941390951,0.011759935117599351,0.048661800486618008
B,volatility_regime,HIGH,10,REMOVE_BUSIEST_5_DATES,4692,361,2.1126134677186261,1.1253333297329589,0.011759935117599351,0.048661800486618008
B,volatility_regime,HIGH,10,FIRST_CALENDAR_HALF,1465,115,0.53251411098131807,0.54129034468237658,0.011759935117599351,0.048661800486618008
B,volatility_regime,HIGH,10,SECOND_CALENDAR_HALF,3467,251,3.0896657594943995,1.490092655448481,0.011759935117599351,0.048661800486618008
B,volatility_regime,HIGH,10,WITHOUT_2024,4062,293,3.0652047581619764,1.6257092202355119,0.011759935117599351,0.048661800486618008
B,volatility_regime,HIGH,10,WITHOUT_2025,3040,242,1.7743201639272044,0.58136285572013813,0.011759935117599351,0.048661800486618008
B,volatility_regime,HIGH,10,WITHOUT_2026,2762,197,1.8606856247345311,1.2969577649685562,0.011759935117599351,0.048661800486618008
B,volatility_regime,HIGH,20,BASE,4561,341,4.4577842005473434,2.4164393109304987,0.012716509537382154,0.052400789300591978
B,volatility_regime,HIGH,20,REMOVE_BEST_5_DATES,4430,336,3.7235382244208552,2.0067970045956915,0.012716509537382154,0.052400789300591978
B,volatility_regime,HIGH,20,REMOVE_BUSIEST_5_DATES,4322,336,3.9984911837183836,2.2777747489361544,0.012716509537382154,0.052400789300591978
B,volatility_regime,HIGH,20,FIRST_CALENDAR_HALF,1380,107,0.69171474868010618,0.91147784902506124,0.012716509537382154,0.052400789300591978
B,volatility_regime,HIGH,20,SECOND_CALENDAR_HALF,3181,234,6.0916024475064088,3.104605449494096,0.012716509537382154,0.052400789300591978
B,volatility_regime,HIGH,20,WITHOUT_2024,3776,276,5.6299999290428513,3.0664026050822755,0.012716509537382154,0.052400789300591978
B,volatility_regime,HIGH,20,WITHOUT_2025,2805,224,4.1691256404566968,1.4120046750316766,0.012716509537382154,0.052400789300591978
B,volatility_regime,HIGH,20,WITHOUT_2026,2541,182,3.0344865501165015,2.667007933213168,0.012716509537382154,0.052400789300591978
B,volatility_regime,LOW,5,BASE,2665,206,0.44402670180896936,0.38373130838445807,0.027392120075046905,0.1024390243902439
B,volatility_regime,LOW,5,REMOVE_BEST_5_DATES,2626,201,0.24656196933576305,0.053125626280339386,0.027392120075046905,0.1024390243902439
B,volatility_regime,LOW,5,REMOVE_BUSIEST_5_DATES,2392,201,0.2136473587720055,0.3348972354941962,0.027392120075046905,0.1024390243902439
B,volatility_regime,LOW,5,FIRST_CALENDAR_HALF,1844,148,0.067713456878443823,-0.033984436921521519,0.027392120075046905,0.1024390243902439
B,volatility_regime,LOW,5,SECOND_CALENDAR_HALF,821,58,1.2892418341498821,1.4496266584755784,0.027392120075046905,0.1024390243902439
B,volatility_regime,LOW,5,WITHOUT_2024,1407,105,0.84635419139003609,0.87978753563590373,0.027392120075046905,0.1024390243902439
B,volatility_regime,LOW,5,WITHOUT_2025,1272,102,0.082862525134111173,-0.051622034361719193,0.027392120075046905,0.1024390243902439
B,volatility_regime,LOW,5,WITHOUT_2026,2651,205,0.40378756747847494,0.34626856252449845,0.027392120075046905,0.1024390243902439
B,volatility_regime,LOW,10,BASE,2615,201,1.0965877360069696,0.99815423672122761,0.02791586998087954,0.10401529636711281
B,volatility_regime,LOW,10,REMOVE_BEST_5_DATES,2570,196,0.77628519657256112,0.49760670046074823,0.02791586998087954,0.10401529636711281
B,volatility_regime,LOW,10,REMOVE_BUSIEST_5_DATES,2343,196,0.55212094926446353,0.8854534677108159,0.02791586998087954,0.10401529636711281
B,volatility_regime,LOW,10,FIRST_CALENDAR_HALF,1808,144,0.3570064309088874,0.19728780521713851,0.02791586998087954,0.10401529636711281
B,volatility_regime,LOW,10,SECOND_CALENDAR_HALF,807,57,2.7535431258673566,3.0213957478894526,0.02791586998087954,0.10401529636711281
B,volatility_regime,LOW,10,WITHOUT_2024,1393,104,1.9251161540935158,2.0539195765160656,0.02791586998087954,0.10401529636711281
B,volatility_regime,LOW,10,WITHOUT_2025,1222,97,0.15211958020127486,-0.13380035439901061,0.02791586998087954,0.10401529636711281
B,volatility_regime,LOW,10,WITHOUT_2026,2615,201,1.0965877360069696,0.99815423672122761,0.02791586998087954,0.10401529636711281
B,volatility_regime,LOW,20,BASE,2514,197,2.1442682224192491,1.6542316165304098,0.029037390612569609,0.10819411296738266
B,volatility_regime,LOW,20,REMOVE_BEST_5_DATES,2490,192,1.9110749185495626,1.0074603137115778,0.029037390612569609,0.10819411296738266
B,volatility_regime,LOW,20,REMOVE_BUSIEST_5_DATES,2242,192,1.3231134646737144,1.4899575140287737,0.029037390612569609,0.10819411296738266
B,volatility_regime,LOW,20,FIRST_CALENDAR_HALF,1763,143,0.37497370981339684,0.19447786685117485,0.029037390612569609,0.10819411296738266
B,volatility_regime,LOW,20,SECOND_CALENDAR_HALF,751,54,6.2977518785099518,5.5198758054957917,0.029037390612569609,0.10819411296738266
B,volatility_regime,LOW,20,WITHOUT_2024,1335,101,4.7955278037014821,4.1420504206494835,0.029037390612569609,0.10819411296738266
B,volatility_regime,LOW,20,WITHOUT_2025,1179,96,-0.85779415333289755,-0.9631610836365323,0.029037390612569609,0.10819411296738266
B,volatility_regime,LOW,20,WITHOUT_2026,2514,197,2.1442682224192491,1.6542316165304098,0.029037390612569609,0.10819411296738266
B,volatility_regime,UNKNOWN,5,BASE,12,1,0.044001330452589117,0.04400133045258927,1,1
B,volatility_regime,UNKNOWN,5,REMOVE_BEST_5_DATES,0,0,,,1,1
B,volatility_regime,UNKNOWN,5,REMOVE_BUSIEST_5_DATES,0,0,,,1,1
B,volatility_regime,UNKNOWN,5,FIRST_CALENDAR_HALF,12,1,0.044001330452589117,0.04400133045258927,1,1
B,volatility_regime,UNKNOWN,5,SECOND_CALENDAR_HALF,0,0,,,1,1
B,volatility_regime,UNKNOWN,5,WITHOUT_2024,0,0,,,1,1
B,volatility_regime,UNKNOWN,5,WITHOUT_2025,12,1,0.044001330452589117,0.04400133045258927,1,1
B,volatility_regime,UNKNOWN,5,WITHOUT_2026,12,1,0.044001330452589117,0.04400133045258927,1,1
B,volatility_regime,UNKNOWN,10,BASE,12,1,-2.0344949193402022,-2.0344949193402022,1,1
B,volatility_regime,UNKNOWN,10,REMOVE_BEST_5_DATES,0,0,,,1,1
B,volatility_regime,UNKNOWN,10,REMOVE_BUSIEST_5_DATES,0,0,,,1,1
B,volatility_regime,UNKNOWN,10,FIRST_CALENDAR_HALF,12,1,-2.0344949193402022,-2.0344949193402022,1,1
B,volatility_regime,UNKNOWN,10,SECOND_CALENDAR_HALF,0,0,,,1,1
B,volatility_regime,UNKNOWN,10,WITHOUT_2024,0,0,,,1,1
B,volatility_regime,UNKNOWN,10,WITHOUT_2025,12,1,-2.0344949193402022,-2.0344949193402022,1,1
B,volatility_regime,UNKNOWN,10,WITHOUT_2026,12,1,-2.0344949193402022,-2.0344949193402022,1,1
B,volatility_regime,UNKNOWN,20,BASE,12,1,-1.1712793387565437,-1.1712793387565437,1,1
B,volatility_regime,UNKNOWN,20,REMOVE_BEST_5_DATES,0,0,,,1,1
B,volatility_regime,UNKNOWN,20,REMOVE_BUSIEST_5_DATES,0,0,,,1,1
B,volatility_regime,UNKNOWN,20,FIRST_CALENDAR_HALF,12,1,-1.1712793387565437,-1.1712793387565437,1,1
B,volatility_regime,UNKNOWN,20,SECOND_CALENDAR_HALF,0,0,,,1,1
B,volatility_regime,UNKNOWN,20,WITHOUT_2024,0,0,,,1,1
B,volatility_regime,UNKNOWN,20,WITHOUT_2025,12,1,-1.1712793387565437,-1.1712793387565437,1,1
B,volatility_regime,UNKNOWN,20,WITHOUT_2026,12,1,-1.1712793387565437,-1.1712793387565437,1,1
C,direction,BEAR,5,BASE,1464,206,-0.41986044113133597,-0.061624985308208417,0.017076502732240439,0.073770491803278687
C,direction,BEAR,5,REMOVE_BEST_5_DATES,1451,201,-0.6026639663098502,-0.56399484345953022,0.017076502732240439,0.073770491803278687
C,direction,BEAR,5,REMOVE_BUSIEST_5_DATES,1356,201,-0.43565563586555595,-0.056741676069976134,0.017076502732240439,0.073770491803278687
C,direction,BEAR,5,FIRST_CALENDAR_HALF,1039,127,-0.48435228225286442,-0.14501623211690581,0.017076502732240439,0.073770491803278687
C,direction,BEAR,5,SECOND_CALENDAR_HALF,425,79,-0.26219685777776369,0.072434360827292738,0.017076502732240439,0.073770491803278687
C,direction,BEAR,5,WITHOUT_2024,569,102,-0.18042592773960409,0.11299606554299543,0.017076502732240439,0.073770491803278687
C,direction,BEAR,5,WITHOUT_2025,1222,167,-0.60958611047921885,-0.16773929906698801,0.017076502732240439,0.073770491803278687
C,direction,BEAR,5,WITHOUT_2026,1137,143,-0.33577378341522512,-0.062256151665597108,0.017076502732240439,0.073770491803278687
C,direction,BEAR,10,BASE,1459,205,-0.25680813949832804,-0.30487483653707315,0.017135023989033583,0.07402330363262509
C,direction,BEAR,10,REMOVE_BEST_5_DATES,1442,200,-0.52550681483641026,-0.88656433965341452,0.017135023989033583,0.07402330363262509
C,direction,BEAR,10,REMOVE_BUSIEST_5_DATES,1351,200,-0.06865328031964027,-0.23776154001298852,0.017135023989033583,0.07402330363262509
C,direction,BEAR,10,FIRST_CALENDAR_HALF,1034,126,-0.46788268835366575,-0.035472119926386859,0.017135023989033583,0.07402330363262509
C,direction,BEAR,10,SECOND_CALENDAR_HALF,425,79,0.25672382171677516,-0.73455511872626933,0.017135023989033583,0.07402330363262509
C,direction,BEAR,10,WITHOUT_2024,569,102,0.41711267166837163,-0.190663158658367,0.017135023989033583,0.07402330363262509
C,direction,BEAR,10,WITHOUT_2025,1217,166,-0.7259295925947834,-0.67389704922161253,0.017135023989033583,0.07402330363262509
C,direction,BEAR,10,WITHOUT_2026,1132,142,-0.091207550395383183,0.044477953336204815,0.017135023989033583,0.07402330363262509
C,direction,BEAR,20,BASE,1412,199,1.1040564690240346,1.2181883908975848,0.017705382436260624,0.076487252124645896
C,direction,BEAR,20,REMOVE_BEST_5_DATES,1390,194,0.56214185617280099,0.30875922943617079,0.017705382436260624,0.076487252124645896
C,direction,BEAR,20,REMOVE_BUSIEST_5_DATES,1304,194,1.6654646989693078,1.403302077901067,0.017705382436260624,0.076487252124645896
C,direction,BEAR,20,FIRST_CALENDAR_HALF,989,120,-0.087788573285419863,1.0236874387206742,0.017705382436260624,0.076487252124645896
C,direction,BEAR,20,SECOND_CALENDAR_HALF,423,79,3.8906634355584333,1.5136328752169419,0.017705382436260624,0.076487252124645896
C,direction,BEAR,20,WITHOUT_2024,567,102,4.7141414785923876,3.0636697727973887,0.017705382436260624,0.076487252124645896
C,direction,BEAR,20,WITHOUT_2025,1171,160,-0.26019147158062833,-0.051271676157423007,0.017705382436260624,0.076487252124645896
C,direction,BEAR,20,WITHOUT_2026,1086,136,0.69025917438573303,1.3275597863021518,0.017705382436260624,0.076487252124645896
C,direction,BULL,5,BASE,2521,182,1.6183366252964255,1.2094975210658527,0.018643395477984926,0.079730265767552558
C,direction,BULL,5,REMOVE_BEST_5_DATES,2443,177,1.1424722030660557,0.67828700100545269,0.018643395477984926,0.079730265767552558
C,direction,BULL,5,REMOVE_BUSIEST_5_DATES,2320,177,0.97049553994558291,0.99434310885296062,0.018643395477984926,0.079730265767552558
C,direction,BULL,5,FIRST_CALENDAR_HALF,824,62,0.48534396381752204,0.48739976705481503,0.018643395477984926,0.079730265767552558
C,direction,BULL,5,SECOND_CALENDAR_HALF,1697,120,2.1684756665802305,1.5825813606382222,0.018643395477984926,0.079730265767552558
C,direction,BULL,5,WITHOUT_2024,2315,166,1.7673483861721995,1.3126759294390387,0.018643395477984926,0.079730265767552558
C,direction,BULL,5,WITHOUT_2025,1120,80,2.1764714094829527,1.2717704210079903,0.018643395477984926,0.079730265767552558
C,direction,BULL,5,WITHOUT_2026,1607,118,1.0146818743839632,1.0221293194953451,0.018643395477984926,0.079730265767552558
C,direction,BULL,10,BASE,2451,177,2.498140619727387,2.4611472383011259,0.019175846593227255,0.082007343941248464
C,direction,BULL,10,REMOVE_BEST_5_DATES,2396,172,2.0045086109098689,1.706600958622555,0.019175846593227255,0.082007343941248464
C,direction,BULL,10,REMOVE_BUSIEST_5_DATES,2250,172,1.9891044272742955,2.294424330672769,0.019175846593227255,0.082007343941248464
C,direction,BULL,10,FIRST_CALENDAR_HALF,824,62,1.553891674318074,1.9309000809395021,0.019175846593227255,0.082007343941248464
C,direction,BULL,10,SECOND_CALENDAR_HALF,1627,115,2.9763588932475309,2.7470196187917404,0.019175846593227255,0.082007343941248464
C,direction,BULL,10,WITHOUT_2024,2245,161,2.7154906667603749,2.6544555525993667,0.019175846593227255,0.082007343941248464
C,direction,BULL,10,WITHOUT_2025,1109,79,2.9335929091913329,2.2848325730371934,0.019175846593227255,0.082007343941248464
C,direction,BULL,10,WITHOUT_2026,1548,114,1.8709652679156461,2.3103246063172125,0.019175846593227255,0.082007343941248464
C,direction,BULL,20,BASE,2414,175,4.824257291824404,4.4399954322008659,0.019469759734879868,0.082435791217895613
C,direction,BULL,20,REMOVE_BEST_5_DATES,2341,170,4.1456091735916925,3.7450854750041178,0.019469759734879868,0.082435791217895613
C,direction,BULL,20,REMOVE_BUSIEST_5_DATES,2215,170,4.2325827127526727,4.254255165694194,0.019469759734879868,0.082435791217895613
C,direction,BULL,20,FIRST_CALENDAR_HALF,823,62,5.2746770780063175,5.45838729677057,0.019469759734879868,0.082435791217895613
C,direction,BULL,20,SECOND_CALENDAR_HALF,1591,113,4.5912620158798951,3.8812317542953654,0.019469759734879868,0.082435791217895613
C,direction,BULL,20,WITHOUT_2024,2209,159,5.175582835345419,4.6971086329177316,0.019469759734879868,0.082435791217895613
C,direction,BULL,20,WITHOUT_2025,1090,78,3.8591609266505205,2.9175431675267762,0.019469759734879868,0.082435791217895613
C,direction,BULL,20,WITHOUT_2026,1529,113,5.0046869271426591,5.1291129342415527,0.019469759734879868,0.082435791217895613
C,direction,NEUTRAL,5,BASE,2522,203,1.9562259704232516,1.6043314691468626,0.01704996034892942,0.069389373513084857
C,direction,NEUTRAL,5,REMOVE_BEST_5_DATES,2457,198,1.4948498144427675,1.0659938173041006,0.01704996034892942,0.069389373513084857
C,direction,NEUTRAL,5,REMOVE_BUSIEST_5_DATES,2347,198,1.943966630364699,1.5841246392969837,0.01704996034892942,0.069389373513084857
C,direction,NEUTRAL,5,FIRST_CALENDAR_HALF,838,78,0.18525663753034499,-0.42341109149008771,0.01704996034892942,0.069389373513084857
C,direction,NEUTRAL,5,SECOND_CALENDAR_HALF,1684,125,2.8375040588818354,2.8696428269843199,0.01704996034892942,0.069389373513084857
C,direction,NEUTRAL,5,WITHOUT_2024,1920,146,2.8078141207941645,2.7603869216506149,0.01704996034892942,0.069389373513084857
C,direction,NEUTRAL,5,WITHOUT_2025,1261,109,1.808611601769232,1.2909419206045951,0.01704996034892942,0.069389373513084857
C,direction,NEUTRAL,5,WITHOUT_2026,1863,151,1.1784978277289768,0.71277759315718947,0.01704996034892942,0.069389373513084857
C,direction,NEUTRAL,10,BASE,2440,194,3.7444486366462444,3.3175362310600414,0.017622950819672131,0.071721311475409832
C,direction,NEUTRAL,10,REMOVE_BEST_5_DATES,2398,189,3.302728617481093,2.330888496930108,0.017622950819672131,0.071721311475409832
C,direction,NEUTRAL,10,REMOVE_BUSIEST_5_DATES,2265,189,3.6375581460825277,3.2618641163614339,0.017622950819672131,0.071721311475409832
C,direction,NEUTRAL,10,FIRST_CALENDAR_HALF,803,74,-0.097436186072837105,-0.51591942696507598,0.017622950819672131,0.071721311475409832
C,direction,NEUTRAL,10,SECOND_CALENDAR_HALF,1637,120,5.6290140078395385,5.6815005535088652,0.017622950819672131,0.071721311475409832
C,direction,NEUTRAL,10,WITHOUT_2024,1873,141,5.245223842267845,5.0057818988810778,0.017622950819672131,0.071721311475409832
C,direction,NEUTRAL,10,WITHOUT_2025,1184,101,3.7793653015776654,3.5314453596368245,0.017622950819672131,0.071721311475409832
C,direction,NEUTRAL,10,WITHOUT_2026,1823,146,2.1798335563346365,1.5391289629160605,0.017622950819672131,0.071721311475409832
C,direction,NEUTRAL,20,BASE,2120,173,5.7562696593352456,4.0900904365086124,0.020283018867924527,0.08254716981132075
C,direction,NEUTRAL,20,REMOVE_BEST_5_DATES,2047,168,4.637071367892772,2.9674291750007464,0.020283018867924527,0.08254716981132075
C,direction,NEUTRAL,20,REMOVE_BUSIEST_5_DATES,1945,168,5.1217595862914216,3.8479596160527128,0.020283018867924527,0.08254716981132075
C,direction,NEUTRAL,20,FIRST_CALENDAR_HALF,752,71,-1.2347300047765815,-1.7253709835608633,0.020283018867924527,0.08254716981132075
C,direction,NEUTRAL,20,SECOND_CALENDAR_HALF,1368,102,9.5992753226481788,8.1381076994981463,0.020283018867924527,0.08254716981132075
C,direction,NEUTRAL,20,WITHOUT_2024,1604,123,8.2457790463425678,6.4753820234209671,0.020283018867924527,0.08254716981132075
C,direction,NEUTRAL,20,WITHOUT_2025,1022,89,6.6771997523579003,4.682183146929134,0.020283018867924527,0.08254716981132075
C,direction,NEUTRAL,20,WITHOUT_2026,1614,134,2.699043134038531,1.5073507617500561,0.020283018867924527,0.08254716981132075
C,direction,UNKNOWN,5,BASE,0,0,,,,
C,direction,UNKNOWN,5,REMOVE_BEST_5_DATES,0,0,,,,
C,direction,UNKNOWN,5,REMOVE_BUSIEST_5_DATES,0,0,,,,
C,direction,UNKNOWN,5,FIRST_CALENDAR_HALF,0,0,,,,
C,direction,UNKNOWN,5,SECOND_CALENDAR_HALF,0,0,,,,
C,direction,UNKNOWN,5,WITHOUT_2024,0,0,,,,
C,direction,UNKNOWN,5,WITHOUT_2025,0,0,,,,
C,direction,UNKNOWN,5,WITHOUT_2026,0,0,,,,
C,direction,UNKNOWN,10,BASE,0,0,,,,
C,direction,UNKNOWN,10,REMOVE_BEST_5_DATES,0,0,,,,
C,direction,UNKNOWN,10,REMOVE_BUSIEST_5_DATES,0,0,,,,
C,direction,UNKNOWN,10,FIRST_CALENDAR_HALF,0,0,,,,
C,direction,UNKNOWN,10,SECOND_CALENDAR_HALF,0,0,,,,
C,direction,UNKNOWN,10,WITHOUT_2024,0,0,,,,
C,direction,UNKNOWN,10,WITHOUT_2025,0,0,,,,
C,direction,UNKNOWN,10,WITHOUT_2026,0,0,,,,
C,direction,UNKNOWN,20,BASE,0,0,,,,
C,direction,UNKNOWN,20,REMOVE_BEST_5_DATES,0,0,,,,
C,direction,UNKNOWN,20,REMOVE_BUSIEST_5_DATES,0,0,,,,
C,direction,UNKNOWN,20,FIRST_CALENDAR_HALF,0,0,,,,
C,direction,UNKNOWN,20,SECOND_CALENDAR_HALF,0,0,,,,
C,direction,UNKNOWN,20,WITHOUT_2024,0,0,,,,
C,direction,UNKNOWN,20,WITHOUT_2025,0,0,,,,
C,direction,UNKNOWN,20,WITHOUT_2026,0,0,,,,
C,volatility_regime,HIGH,5,BASE,4511,380,1.6753996714999453,1.1676054118307599,0.010418975836843272,0.046552870760363553
C,volatility_regime,HIGH,5,REMOVE_BEST_5_DATES,4484,375,1.5118008457881058,0.80845232102402886,0.010418975836843272,0.046552870760363553
C,volatility_regime,HIGH,5,REMOVE_BUSIEST_5_DATES,4301,375,1.4162525475465688,1.0929320710457446,0.010418975836843272,0.046552870760363553
C,volatility_regime,HIGH,5,FIRST_CALENDAR_HALF,1331,115,0.39924592721202679,0.23289242178387606,0.010418975836843272,0.046552870760363553
C,volatility_regime,HIGH,5,SECOND_CALENDAR_HALF,3180,265,2.2095382355399513,1.5732355773228037,0.010418975836843272,0.046552870760363553
C,volatility_regime,HIGH,5,WITHOUT_2024,3776,307,2.0805006735586398,1.5153661542893615,0.010418975836843272,0.046552870760363553
C,volatility_regime,HIGH,5,WITHOUT_2025,2621,251,1.7476815063203821,1.1428546134987552,0.010418975836843272,0.046552870760363553
C,volatility_regime,HIGH,5,WITHOUT_2026,2625,202,1.0204998342283285,0.66983265166512829,0.010418975836843272,0.046552870760363553
C,volatility_regime,HIGH,10,BASE,4401,370,2.9192565905081347,2.1997351509760685,0.010679391047489207,0.047716428084526245
C,volatility_regime,HIGH,10,REMOVE_BEST_5_DATES,4374,365,2.7258200931671555,1.6347217783125751,0.010679391047489207,0.047716428084526245
C,volatility_regime,HIGH,10,REMOVE_BUSIEST_5_DATES,4191,365,2.7354393465890534,2.1397486790220981,0.010679391047489207,0.047716428084526245
C,volatility_regime,HIGH,10,FIRST_CALENDAR_HALF,1324,114,0.82045621371130018,0.92211538479796251,0.010679391047489207,0.047716428084526245
C,volatility_regime,HIGH,10,SECOND_CALENDAR_HALF,3077,256,3.8223478153631913,2.7686752031022568,0.010679391047489207,0.047716428084526245
C,volatility_regime,HIGH,10,WITHOUT_2024,3673,298,3.6025366809625368,2.7249226852517903,0.010679391047489207,0.047716428084526245
C,volatility_regime,HIGH,10,WITHOUT_2025,2575,246,3.0032626880029585,2.1308743540297206,0.010679391047489207,0.047716428084526245
C,volatility_regime,HIGH,10,WITHOUT_2026,2554,196,1.8519098899254467,1.4876630633976842,0.010679391047489207,0.047716428084526245
C,volatility_regime,HIGH,20,BASE,4056,346,5.163670008566136,3.6162039129394326,0.011587771203155819,0.05128205128205128
C,volatility_regime,HIGH,20,REMOVE_BEST_5_DATES,3998,341,4.6843099655921936,3.050154741036144,0.011587771203155819,0.05128205128205128
C,volatility_regime,HIGH,20,REMOVE_BUSIEST_5_DATES,3848,341,4.7130676863424865,3.4824245114151431,0.011587771203155819,0.05128205128205128
C,volatility_regime,HIGH,20,FIRST_CALENDAR_HALF,1248,107,2.0826562335867451,1.6695048185819981,0.011587771203155819,0.05128205128205128
C,volatility_regime,HIGH,20,SECOND_CALENDAR_HALF,2808,239,6.5330094641125331,4.4877386539279067,0.011587771203155819,0.05128205128205128
C,volatility_regime,HIGH,20,WITHOUT_2024,3404,281,6.2784462704267305,4.4979848849447652,0.011587771203155819,0.05128205128205128
C,volatility_regime,HIGH,20,WITHOUT_2025,2369,229,5.1591167460558074,3.2845163430848472,0.011587771203155819,0.05128205128205128
C,volatility_regime,HIGH,20,WITHOUT_2026,2339,182,3.5459223743265071,2.6721160028471349,0.011587771203155819,0.05128205128205128
C,volatility_regime,LOW,5,BASE,1987,210,0.42039548267103743,0.42280857177498332,0.020130850528434826,0.064418721690991443
C,volatility_regime,LOW,5,REMOVE_BEST_5_DATES,1938,205,-0.0508698155990224,-0.060872102858676884,0.020130850528434826,0.064418721690991443
C,volatility_regime,LOW,5,REMOVE_BUSIEST_5_DATES,1859,205,0.30084858939170689,0.37979809698483857,0.020130850528434826,0.064418721690991443
C,volatility_regime,LOW,5,FIRST_CALENDAR_HALF,1361,151,-0.35647976760008515,-0.32212055027611414,0.020130850528434826,0.064418721690991443
C,volatility_regime,LOW,5,SECOND_CALENDAR_HALF,626,59,2.1094165938834939,2.3293220875328768,0.020130850528434826,0.064418721690991443
C,volatility_regime,LOW,5,WITHOUT_2024,1028,107,1.4822779471519252,1.5628867679104836,0.020130850528434826,0.064418721690991443
C,volatility_regime,LOW,5,WITHOUT_2025,973,104,-0.62998905280500184,-0.70238366764140947,0.020130850528434826,0.064418721690991443
C,volatility_regime,LOW,5,WITHOUT_2026,1973,209,0.3851238047854994,0.39903644695587487,0.020130850528434826,0.064418721690991443
C,volatility_regime,LOW,10,BASE,1940,205,1.0566370527658115,0.99632713508655513,0.020618556701030927,0.065979381443298971
C,volatility_regime,LOW,10,REMOVE_BEST_5_DATES,1910,200,0.66987545131712578,0.33702487712795021,0.020618556701030927,0.065979381443298971
C,volatility_regime,LOW,10,REMOVE_BUSIEST_5_DATES,1812,200,0.89127233355295366,0.94508056401105167,0.020618556701030927,0.065979381443298971
C,volatility_regime,LOW,10,FIRST_CALENDAR_HALF,1328,147,-0.26739409950186049,-0.18115342527766715,0.020618556701030927,0.065979381443298971
C,volatility_regime,LOW,10,SECOND_CALENDAR_HALF,612,58,3.9296981152028523,3.9806313139407061,0.020618556701030927,0.065979381443298971
C,volatility_regime,LOW,10,WITHOUT_2024,1014,106,2.8854050142491339,2.8463017860617303,0.020618556701030927,0.065979381443298971
C,volatility_regime,LOW,10,WITHOUT_2025,926,99,-0.94592311240059068,-0.98445380434140917,0.020618556701030927,0.065979381443298971
C,volatility_regime,LOW,10,WITHOUT_2026,1940,205,1.0566370527658115,0.99632713508655513,0.020618556701030927,0.065979381443298971
C,volatility_regime,LOW,20,BASE,1881,200,2.389744809116304,2.3961994804109441,0.021265284423179161,0.068048910154173317
C,volatility_regime,LOW,20,REMOVE_BEST_5_DATES,1857,195,2.0418928819975419,1.6441079847981543,0.021265284423179161,0.068048910154173317
C,volatility_regime,LOW,20,REMOVE_BUSIEST_5_DATES,1753,195,2.4352672684306884,2.4408844568174399,0.021265284423179161,0.068048910154173317
C,volatility_regime,LOW,20,FIRST_CALENDAR_HALF,1307,145,0.57960475844446679,1.1280431975491927,0.021265284423179161,0.068048910154173317
C,volatility_regime,LOW,20,SECOND_CALENDAR_HALF,574,55,6.511440011604269,5.7395205897737451,0.021265284423179161,0.068048910154173317
C,volatility_regime,LOW,20,WITHOUT_2024,976,103,6.1067409707385298,5.7463381133063427,0.021265284423179161,0.068048910154173317
C,volatility_regime,LOW,20,WITHOUT_2025,905,97,-1.6188609961249036,-1.1611642225604581,0.021265284423179161,0.068048910154173317
C,volatility_regime,LOW,20,WITHOUT_2026,1881,200,2.389744809116304,2.3961994804109441,0.021265284423179161,0.068048910154173317
C,volatility_regime,UNKNOWN,5,BASE,9,1,0.63323352887214446,0.63323352887214446,1,1
C,volatility_regime,UNKNOWN,5,REMOVE_BEST_5_DATES,0,0,,,1,1
C,volatility_regime,UNKNOWN,5,REMOVE_BUSIEST_5_DATES,0,0,,,1,1
C,volatility_regime,UNKNOWN,5,FIRST_CALENDAR_HALF,9,1,0.63323352887214446,0.63323352887214446,1,1
C,volatility_regime,UNKNOWN,5,SECOND_CALENDAR_HALF,0,0,,,1,1
C,volatility_regime,UNKNOWN,5,WITHOUT_2024,0,0,,,1,1
C,volatility_regime,UNKNOWN,5,WITHOUT_2025,9,1,0.63323352887214446,0.63323352887214446,1,1
C,volatility_regime,UNKNOWN,5,WITHOUT_2026,9,1,0.63323352887214446,0.63323352887214446,1,1
C,volatility_regime,UNKNOWN,10,BASE,9,1,-1.4233200390418703,-1.4233200390418699,1,1
C,volatility_regime,UNKNOWN,10,REMOVE_BEST_5_DATES,0,0,,,1,1
C,volatility_regime,UNKNOWN,10,REMOVE_BUSIEST_5_DATES,0,0,,,1,1
C,volatility_regime,UNKNOWN,10,FIRST_CALENDAR_HALF,9,1,-1.4233200390418703,-1.4233200390418699,1,1
C,volatility_regime,UNKNOWN,10,SECOND_CALENDAR_HALF,0,0,,,1,1
C,volatility_regime,UNKNOWN,10,WITHOUT_2024,0,0,,,1,1
C,volatility_regime,UNKNOWN,10,WITHOUT_2025,9,1,-1.4233200390418703,-1.4233200390418699,1,1
C,volatility_regime,UNKNOWN,10,WITHOUT_2026,9,1,-1.4233200390418703,-1.4233200390418699,1,1
C,volatility_regime,UNKNOWN,20,BASE,9,1,-3.4421140194717643,-3.4421140194717643,1,1
C,volatility_regime,UNKNOWN,20,REMOVE_BEST_5_DATES,0,0,,,1,1
C,volatility_regime,UNKNOWN,20,REMOVE_BUSIEST_5_DATES,0,0,,,1,1
C,volatility_regime,UNKNOWN,20,FIRST_CALENDAR_HALF,9,1,-3.4421140194717643,-3.4421140194717643,1,1
C,volatility_regime,UNKNOWN,20,SECOND_CALENDAR_HALF,0,0,,,1,1
C,volatility_regime,UNKNOWN,20,WITHOUT_2024,0,0,,,1,1
C,volatility_regime,UNKNOWN,20,WITHOUT_2025,9,1,-3.4421140194717643,-3.4421140194717643,1,1
C,volatility_regime,UNKNOWN,20,WITHOUT_2026,9,1,-3.4421140194717643,-3.4421140194717643,1,1
